Workbook

Sheet Всего
B3: Всего регистрируется абонентов WLL в 04/2026г. на контроллерах RAC ВК ОДТ
B6: Контроллер | C6: кол-во абонентов | D6: Всего по контроллеру
B7: Ука 800 | C7: 505 | D7: 505
B8: Ука 450 | C8: ='Ука 450'!F176 -> 721
B9: Семей 800 | C9: 0 | D9: 0
B10: Семей 450 | C10: 0
B11: Гилат 450 | C11: 0 | D11: 0
B12: Всего | C12: =SUM(C7:C11) -> 1226

Sheet Ука 800
A1: Количество зарегистр. абонентов WLL 800 на секторах БС по РУТам (RAC УКа)
A2: № БС | B2: Наименование БС | C2: № сектора | E2: Всего регистрируется абонентов на базовой станции | F2: Всего регистрируется абонентов по секторам | G2: У-Ка | K2: У-Ка 7723 2 (Новотроицк, Самсоновка) | L2: У-Ка 77232 (Ахмирово, Меновное) | M2: Глубокое 7723 31 | N2: Шемонаиха 7723 32 | S2: Бородулиха 7723 51 | T2: Нов. Шульба 7723 53 | U2: Риддер 7723 36 | X2: Зыряновск 7723 35 | AA2: Серебрянск 7723 37 | AB2: Уланка 7723 38 | AD2: Таврия 7723 34 | AE2: Калбатау 7723 47 | AG2: Большенарым 7723 41 | AI2: Катон-Карагай 7723 42 | AK2: Курчум 7723 39 | AL2: Теректы 7723 43 | AN2: Зайсан 7723 40 | AQ2: Акжар 7723 44 | AS2: Аксуат 7723 46 | AU2: Кокпекты 7723 48 | AW2: Самарское 7723 33 | AZ2: Семей | BJ2: Шульбинск | BK2: Аягоз | BL2: Аягоз 772 37 | BM2: Бескарагaй | BN2: Бескарагай | BO2: Курчатов | BP2: Маканчи | BQ2: Маканчи | BR2: Урджар | BS2: Урджар | BT2: Урджар | BU2: Караул 772 52 | BV2: Павлодар | BW2: Норма на сектор (кол-во абонентов)
G3: 77232216999 | H3: 77232519487 | I3: 77232529999 | J3: 77232544999 | K3: 77232296999 | L3: 77232789999 | M3: 77233155999 | N3: 77233235999 | O3: 77233239999 | P3: 772332772399 | Q3: 77233292999 | R3: 77233298399 | S3: 77235128499 | T3: 77235320999 | U3: 77233623339 | V3: 77233630999 | W3: 77233637599 | X3: 77233550999 | Y3: 77233554999 | Z3: 77233556999 | AA3: 77233726999 | AB3: 77233820999 | AC3: 77233850999 | AD3: 77233420999 | AE3: 77234742999 | AF3: 77234767999 | AG3: 77234120999 | AH3: 77234127999 | AI3: 77234220999 | AJ3: 77234250999 | AK3: 77233924999 | AL3: 77234320999 | AM3: 77234350999 | AN3: 77234020999 | AO3: 77234029999 | AP3: 77234050999 | AQ3: 77234428999 | AR3: 77234450999 | AS3: 77234620999 | AT3: 77234650999 | AU3: 77234820999 | AV3: 77234850999 | AW3: 77233327999 | AX3: 77233350599 | AY3: 77233351999 | AZ3: 7722440999 | BA3: 7722445659 | BB3: 7722450199 | BC3: 7722451374 | BD3: 7722452299 | BE3: 7722453816 | BF3: 7722454099 | BG3: 7722458999 | BH3: 7722638549 | BI3: 7722639899 | BJ3: 7725750399 | BK3: 7723724999 | BL3: 7723765499 | BM3: 7723621299 | BN3: 7723623399 | BO3: 7725127999 | BP3: 7723948999 | BQ3: 7723951099 | BR3: 7723020999 | BS3: 7723029999 | BT3: 7723056549 | BU3: 7725250499 | BV3: 7183841499
G4: 77232210840 | H4: 77232510512 | I4: 77232524160 | J4: 77232544000 | K4: 77232295504 | L4: 77232785000 | M4: 77233150000 | N4: 77233235000 | O4: 77233239000 | P4: 77233272000 | Q4: 77233291100 | R4: 77233297000 | S4: 77235124000 | T4: 77235320000 | U4: 77233620000 | V4: 77233630000 | W4: 77233637000 | X4: 77233550000 | Y4: 77233554000 | Z4: 77233555000 | AA4: 77233726000 | AB4: 77233820000 | AC4: 77233850000 | AD4: 77233420000 | AE4: 77234740000 | AF4: 77234767000 | AG4: 77234120000 | AH4: 77234127000 | AI4: 77234220000 | AJ4: 77234250000 | AK4: 77233922950 | AL4: 77234320000 | AM4: 77234350000 | AN4: 77234020000 | AO4: 77234029000 | AP4: 77234050000 | AQ4: 77234427000 | AR4: 77234450000 | AS4: 77234620000 | AT4: 77234650000 | AU4: 77234820000 | AV4: 77234850000 | AW4: 77233327000 | AX4: 77233350000 | AY4: 77233351000 | AZ4: 7722440000 | BA4: 7722442000 | BB4: 7722450000 | BC4: 7722451000 | BD4: 7722452000 | BE4: 7722453000 | BF4: 7722454000 | BG4: 7722458000 | BH4: 7722630000 | BI4: 7722639400 | BJ4: 7725750000 | BK4: 7723772000 | BL4: 7723765000 | BM4: 7723620000 | BN4: 7723621600 | BO4: 7725127000 | BP4: 7723948000 | BQ4: 7723950000 | BR4: 7723020000 | BS4: 7723029000 | BT4: 7723055000 | BU4: 7725250000 | BV4: 7183841400
A5: 1 | B5: Металлург | C5: 0 | D5: 10 | E5: =SUM(F5:F7) -> 0 | BW5: 780 | BX5: =AO5-BW5 -> -780
C6: 1 | D6: 11 | BW6: 780 | BX6: =AO6-BW6 -> -780
C7: 2 | D7: 12 | BW7: 780 | BX7: =AO7-BW7 -> -780
A8: 2 | B8: Кирзавод | C8: 0 | D8: 20 | E8: =SUM(F8:F10) -> 0 | BW8: 780 | BX8: =AO8-BW8 -> -780
C9: 1 | D9: 21 | BW9: 780 | BX9: =AO9-BW9 -> -780
C10: 2 | D10: 22 | BW10: 780 | BX10: =AO10-BW10 -> -780
A11: 3 | B11: ВК ОДТ | C11: 0 | D11: 30 | E11: =SUM(F11:F13) -> 0 | BW11: 780 | BX11: =AO11-BW11 -> -780
C12: 1 | D12: 31 | BW12: 780 | BX12: =AO12-BW12 -> -780
C13: 2 | D13: 32 | BW13: 780 | BX13: =AO13-BW13 -> -780
A14: 4 | B14: Меновное 800 | C14: 0 | D14: 40 | E14: =SUM(F14:F16) -> 0 | BW14: 780 | BX14: =AO14-BW14 -> -780
C15: 1 | D15: 41 | BW15: 780 | BX15: =AO15-BW15 -> -780
C16: 2 | D16: 42 | BW16: 780 | BX16: =AO16-BW16 -> -780
A17: 5 | B17: ТВ-Центр | C17: 0 | D17: 50 | E17: =SUM(F17:F19) -> 0 | BW17: 780 | BX17: =AO17-BW17 -> -780
C18: 1 | D18: 51 | BW18: 780 | BX18: =AO18-BW18 -> -780
C19: 2 | D19: 52 | BW19: 780 | BX19: =AO19-BW19 -> -780
A20: 6 | B20: АТС-47 | C20: 0 | D20: 60 | E20: =SUM(F20:F22) -> 0 | BW20: 780 | BX20: =AO20-BW20 -> -780
C21: 1 | D21: 61 | BW21: 780 | BX21: =AO21-BW21 -> -780
C22: 2 | D22: 62 | BW22: 780 | BX22: =AO22-BW22 -> -780
A23: 7 | B23: Радужный | C23: 0 | D23: 70 | E23: =SUM(F23:F25) -> 0 | BW23: 780 | BX23: =AO23-BW23 -> -780
C24: 1 | D24: 71 | BW24: 780 | BX24: =AO24-BW24 -> -780
C25: 2 | D25: 72 | BW25: 780 | BX25: =AO25-BW25 -> -780
A26: 25 | B26: Риддер800 | C26: 0 | D26: 250 | E26: =SUM(F26:F28) -> 0 | BW26: 780 | BX26: =AO26-BW26 -> -780
C27: 1 | D27: 251 | BW27: 780 | BX27: =AO27-BW27 -> -780
C28: 2 | D28: 252 | BW28: 780 | BX28: =AO28-BW28 -> -780
A29: Всего Усть-Каменогорск 800 | F29: =SUM(F5:F28) -> 0 | G29: =SUM(G5:G28) -> 0 | H29: =SUM(H5:H28) -> 0 | I29: =SUM(I5:I28) -> 0 | J29: =SUM(J5:J28) -> 0 | K29: =SUM(K5:K28) -> 0 | L29: =SUM(L5:L28) -> 0 | M29: =SUM(M5:M28) -> 0 | ... BV29: =SUM(BV5:BV28) -> 0

Sheet Ука 450
B1: Количество зарегистрированных абонентов WLL 450 на секторах БС по РУТам (RAC U-Ka)
A2: № БС | B2: Наименование БС | C2: № сектора | E2: Всего регистрируется по базовой станции | F2: Всего регистрируется абонентов по секторам | G2: У-Ка | K2: У-Ка 7723 2 (Новотроицк, Самсоновка) | L2: У-Ка 77232 (Ахмирово, Меновное) | M2: Глубокое 7723 31 | N2: Шемонаиха 7723 32 | S2: Бородулиха 7723 51 | T2: Нов. Шульба 7723 53 | U2: Риддер 7723 36 | X2: Зыряновск 7723 35 | AA2: Серебрянск 7723 37 | AB2: Уланка 7723 38 | AD2: Таврия 7723 34 | AE2: Калбатау 7723 47 | AG2: Большенарым 7723 41 | AI2: Катон-Карагай 7723 42 | AK2: Курчум 7723 39 | AL2: Теректы 7723 43 | AN2: Зайсан 7723 40 | AQ2: Акжар 7723 44 | AS2: Аксуат 7723 46 | AU2: Кокпекты 7723 48 | AW2: Самарское 7723 33 | AZ2: Семей | BJ2: Шульбинск | BK2: Бескарагaй | BL2: Бескарагай | BM2: Курчатов | BN2: Аягоз 772 37 | BP2: Маканчи | BQ2: Маканчи | BR2: Урджар | BS2: Урджар | BT2: Урджар | BU2: Караул 772 52 | BV2: Павлодар | BW2: Норма на сектор (кол-во абонентов)
G3: 77232216999 | H3: 77232519487 | I3: 77232529999 | J3: 77232544999 | K3: 77232296999 | L3: 77232789999 | M3: 77233155999 | N3: 77233235999 | O3: 77233239999 | P3: 77233272999 | Q3: 77233292999 | R3: 77233298399 | S3: 77235128499 | T3: 77235320999 | U3: 77233623339 | V3: 77233630999 | W3: 77233637599 | X3: 77233550999 | Y3: 77233554999 | Z3: 77233556999 | AA3: 77233726999 | AB3: 77233820999 | AC3: 77233850999 | AD3: 77233420999 | AE3: 77234742999 | AF3: 77234767999 | AG3: 77234120999 | AH3: 77234127999 | AI3: 77234220999 | AJ3: 77234250999 | AK3: 77233924999 | AL3: 77234320999 | AM3: 77234350999 | AN3: 77234020999 | AO3: 77234029999 | AP3: 77234050999 | AQ3: 77234428999 | AR3: 77234450999 | AS3: 77234620999 | AT3: 77234650999 | AU3: 77234820999 | AV3: 77234850999 | AW3: 77233327999 | AX3: 77233350599 | AY3: 77233351999 | AZ3: 7722440999 | BA3: 7722445659 | BB3: 7722450199 | BC3: 7722451374 | BD3: 7722452299 | BE3: 7722453816 | BF3: 7722454099 | BG3: 7722458999 | BH3: 7722638549 | BI3: 7722639899 | BJ3: 7725750399 | BK3: 7723621299 | BL3: 7723623399 | BM3: 7725127999 | BN3: 7723724999 | BO3: 7723765499 | BP3: 7723948999 | BQ3: 7723951099 | BR3: 7723020999 | BS3: 7723029999 | BT3: 7723056549 | BU3: 7725250499 | BV3: 7183841499
G4: 77232210840 | H4: 77232510512 | I4: 77232524160 | J4: 77232544000 | K4: 77232295504 | L4: 77232785000 | M4: 77233150000 | N4: 77233235000 | O4: 77233239000 | P4: 77233272000 | Q4: 77233291100 | R4: 77233297000 | S4: 77235124000 | T4: 77235320000 | U4: 77233620000 | V4: 77233630000 | W4: 77233637000 | X4: 77233550000 | Y4: 77233554000 | Z4: 77233555000 | AA4: 77233726000 | AB4: 77233820000 | AC4: 77233850000 | AD4: 77233420000 | AE4: 77234740000 | AF4: 77234767000 | AG4: 77234120000 | AH4: 77234127000 | AI4: 77234220000 | AJ4: 77234250000 | AK4: 77233922950 | AL4: 77234320000 | AM4: 77234350000 | AN4: 77234020000 | AO4: 77234029000 | AP4: 77234050000 | AQ4: 77234427000 | AR4: 77234450000 | AS4: 77234620000 | AT4: 77234650000 | AU4: 77234820000 | AV4: 77234850000 | AW4: 77233327000 | AX4: 77233350000 | AY4: 77233351000 | AZ4: 7722440000 | BA4: 7722442000 | BB4: 7722450000 | BC4: 7722451000 | BD4: 7722452000 | BE4: 7722453000 | BF4: 7722454000 | BG4: 7722458000 | BH4: 7722630000 | BI4: 7722639400 | BJ4: 7725750000 | BK4: 7723620000 | BL4: 7723621600 | BM4: 7725127000 | BN4: 7723772000 | BO4: 7723765000 | BP4: 7723948000 | BQ4: 7723950000 | BR4: 7723020000 | BS4: 7723029000 | BT4: 7723055000 | BU4: 7725250000 | BV4: 7183841400
A5: 8 | B5: Катон-Карагай | C5: 0 | D5: 80 | E5: =SUM(F5:F7) -> 0 | F5: =COUNTIFS(Данные!$B$2:$B$722,8,Данные!$C$2:$C$722,0) -> 0 | G5: =COUNTIFS(Данные!$B$2:$B$722,8,Данные!$C$2:$C$722,0,Данные!$A$2:$A$722,">="&77232210840,Данные!$A$2:$A$722,"<="&77232216999) -> 0 | H5: =COUNTIFS(Данные!$B$2:$B$722,8,Данные!$C$2:$C$722,0,Данные!$A$2:$A$722,">="&77232510512,Данные!$A$2:$A$722,"<="&77232519487) -> 0 | I5: =COUNTIFS(Данные!$B$2:$B$722,8,Данные!$C$2:$C$722,0,Данные!$A$2:$A$722,">="&77232524160,Данные!$A$2:$A$722,"<="&77232529999) -> 0 | J5: =COUNTIFS(Данные!$B$2:$B$722,8,Данные!$C$2:$C$722,0,Данные!$A$2:$A$722,">="&77232544000,Данные!$A$2:$A$722,"<="&77232544999) -> 0 | K5: =COUNTIFS(Данные!$B$2:$B$722,8,Данные!$C$2:$C$722,0,Данные!$A$2:$A$722,">="&77232295504,Данные!$A$2:$A$722,"<="&77232296999) -> 0 | L5: =COUNTIFS(Данные!$B$2:$B$722,8,Данные!$C$2:$C$722,0,Данные!$A$2:$A$722,">="&77232785000,Данные!$A$2:$A$722,"<="&77232789999) -> 0 | M5: =COUNTIFS(Данные!$B$2:$B$722,8,Данные!$C$2:$C$722,0,Данные!$A$2:$A$722,">="&77233150000,Данные!$A$2:$A$722,"<="&77233155999) -> 0 | N5: =COUNTIFS(Данные!$B$2:$B$722,8,Данные!$C$2:$C$722,0,Данные!$A$2:$A$722,">="&77233235000,Данные!$A$2:$A$722,"<="&77233235999) -> 0 | O5: =COUNTIFS(Данные!$B$2:$B$722,8,Данные!$C$2:$C$722,0,Данные!$A$2:$A$722,">="&77233239000,Данные!$A$2:$A$722,"<="&77233239999) -> 0 | P5: =COUNTIFS(Данные!$B$2:$B$722,8,Данные!$C$2:$C$722,0,Данные!$A$2:$A$722,">="&77233272000,Данные!$A$2:$A$722,"<="&77233272999) -> 0 | Q5: =COUNTIFS(Данные!$B$2:$B$722,8,Данные!$C$2:$C$722,0,Данные!$A$2:$A$722,">="&77233291100,Данные!$A$2:$A$722,"<="&77233292999) -> 0 | R5: =COUNTIFS(Данные!$B$2:$B$722,8,Данные!$C$2:$C$722,0,Данные!$A$2:$A$722,">="&77233297000,Данные!$A$2:$A$722,"<="&77233298399) -> 0 | S5: =COUNTIFS(Данные!$B$2:$B$722,8,Данные!$C$2:$C$722,0,Данные!$A$2:$A$722,">="&77235124000,Данные!$A$2:$A$722,"<="&77235128499) -> 0 | T5: =COUNTIFS(Данные!$B$2:$B$722,8,Данные!$C$2:$C$722,0,Данные!$A$2:$A$722,">="&77235320000,Данные!$A$2:$A$722,"<="&77235320999) -> 0 | U5: =COUNTIFS(Данные!$B$2:$B$722,8,Данные!$C$2:$C$722,0,Данные!$A$2:$A$722,">="&77233620000,Данные!$A$2:$A$722,"<="&77233623339) -> 0 | V5: =COUNTIFS(Данные!$B$2:$B$722,8,Данные!$C$2:$C$722,0,Данные!$A$2:$A$722,">="&77233630000,Данные!$A$2:$A$722,"<="&77233630999) -> 0 | W5: =COUNTIFS(Данные!$B$2:$B$722,8,Данные!$C$2:$C$722,0,Данные!$A$2:$A$722,">="&77233637000,Данные!$A$2:$A$722,"<="&77233637599) -> 0 | X5: =COUNTIFS(Данные!$B$2:$B$722,8,Данные!$C$2:$C$722,0,Данные!$A$2:$A$722,">="&77233550000,Данные!$A$2:$A$722,"<="&77233550999) -> 0 | Y5: =COUNTIFS(Данные!$B$2:$B$722,8,Данные!$C$2:$C$722,0,Данные!$A$2:$A$722,">="&77233554000,Данные!$A$2:$A$722,"<="&77233554999) -> 0 | Z5: =COUNTIFS(Данные!$B$2:$B$722,8,Данные!$C$2:$C$722,0,Данные!$A$2:$A$722,">="&77233555000,Данные!$A$2:$A$722,"<="&77233556999) -> 0 | AA5: =COUNTIFS(Данные!$B$2:$B$722,8,Данные!$C$2:$C$722,0,Данные!$A$2:$A$722,">="&77233726000,Данные!$A$2:$A$722,"<="&77233726999) -> 0 | AB5: =COUNTIFS(Данные!$B$2:$B$722,8,Данные!$C$2:$C$722,0,Данные!$A$2:$A$722,">="&77233820000,Данные!$A$2:$A$722,"<="&77233820999) -> 0 | AC5: =COUNTIFS(Данные!$B$2:$B$722,8,Данные!$C$2:$C$722,0,Данные!$A$2:$A$722,">="&77233850000,Данные!$A$2:$A$722,"<="&77233850999) -> 0 | AD5: =COUNTIFS(Данные!$B$2:$B$722,8,Данные!$C$2:$C$722,0,Данные!$A$2:$A$722,">="&77233420000,Данные!$A$2:$A$722,"<="&77233420999) -> 0 | AE5: =COUNTIFS(Данные!$B$2:$B$722,8,Данные!$C$2:$C$722,0,Данные!$A$2:$A$722,">="&77234740000,Данные!$A$2:$A$722,"<="&77234742999) -> 0 | AF5: =COUNTIFS(Данные!$B$2:$B$722,8,Данные!$C$2:$C$722,0,Данные!$A$2:$A$722,">="&77234767000,Данные!$A$2:$A$722,"<="&77234767999) -> 0 | AG5: =COUNTIFS(Данные!$B$2:$B$722,8,Данные!$C$2:$C$722,0,Данные!$A$2:$A$722,">="&77234120000,Данные!$A$2:$A$722,"<="&77234120999) -> 0 | AH5: =COUNTIFS(Данные!$B$2:$B$722,8,Данные!$C$2:$C$722,0,Данные!$A$2:$A$722,">="&77234127000,Данные!$A$2:$A$722,"<="&77234127999) -> 0 | AI5: =COUNTIFS(Данные!$B$2:$B$722,8,Данные!$C$2:$C$722,0,Данные!$A$2:$A$722,">="&77234220000,Данные!$A$2:$A$722,"<="&77234220999) -> 0 | AJ5: =COUNTIFS(Данные!$B$2:$B$722,8,Данные!$C$2:$C$722,0,Данные!$A$2:$A$722,">="&77234250000,Данные!$A$2:$A$722,"<="&77234250999) -> 0 | AK5: =COUNTIFS(Данные!$B$2:$B$722,8,Данные!$C$2:$C$722,0,Данные!$A$2:$A$722,">="&77233922950,Данные!$A$2:$A$722,"<="&77233924999) -> 0 | AL5: =COUNTIFS(Данные!$B$2:$B$722,8,Данные!$C$2:$C$722,0,Данные!$A$2:$A$722,">="&77234320000,Данные!$A$2:$A$722,"<="&77234320999) -> 0 | AM5: =COUNTIFS(Данные!$B$2:$B$722,8,Данные!$C$2:$C$722,0,Данные!$A$2:$A$722,">="&77234350000,Данные!$A$2:$A$722,"<="&77234350999) -> 0 | AN5: =COUNTIFS(Данные!$B$2:$B$722,8,Данные!$C$2:$C$722,0,Данные!$A$2:$A$722,">="&77234020000,Данные!$A$2:$A$722,"<="&77234020999) -> 0 | AO5: =COUNTIFS(Данные!$B$2:$B$722,8,Данные!$C$2:$C$722,0,Данные!$A$2:$A$722,">="&77234029000,Данные!$A$2:$A$722,"<="&77234029999) -> 0 | AP5: =COUNTIFS(Данные!$B$2:$B$722,8,Данные!$C$2:$C$722,0,Данные!$A$2:$A$722,">="&77234050000,Данные!$A$2:$A$722,"<="&77234050999) -> 0 | AQ5: =COUNTIFS(Данные!$B$2:$B$722,8,Данные!$C$2:$C$722,0,Данные!$A$2:$A$722,">="&77234427000,Данные!$A$2:$A$722,"<="&77234428999) -> 0 | AR5: =COUNTIFS(Данные!$B$2:$B$722,8,Данные!$C$2:$C$722,0,Данные!$A$2:$A$722,">="&77234450000,Данные!$A$2:$A$722,"<="&77234450999) -> 0 | AS5: =COUNTIFS(Данные!$B$2:$B$722,8,Данные!$C$2:$C$722,0,Данные!$A$2:$A$722,">="&77234620000,Данные!$A$2:$A$722,"<="&77234620999) -> 0 | AT5: =COUNTIFS(Данные!$B$2:$B$722,8,Данные!$C$2:$C$722,0,Данные!$A$2:$A$722,">="&77234650000,Данные!$A$2:$A$722,"<="&77234650999) -> 0 | AU5: =COUNTIFS(Данные!$B$2:$B$722,8,Данные!$C$2:$C$722,0,Данные!$A$2:$A$722,">="&77234820000,Данные!$A$2:$A$722,"<="&77234820999) -> 0 | AV5: =COUNTIFS(Данные!$B$2:$B$722,8,Данные!$C$2:$C$722,0,Данные!$A$2:$A$722,">="&77234850000,Данные!$A$2:$A$722,"<="&77234850999) -> 0 | AW5: =COUNTIFS(Данные!$B$2:$B$722,8,Данные!$C$2:$C$722,0,Данные!$A$2:$A$722,">="&77233327000,Данные!$A$2:$A$722,"<="&77233327999) -> 0 | AX5: =COUNTIFS(Данные!$B$2:$B$722,8,Данные!$C$2:$C$722,0,Данные!$A$2:$A$722,">="&77233350000,Данные!$A$2:$A$722,"<="&77233350599) -> 0 | AY5: =COUNTIFS(Данные!$B$2:$B$722,8,Данные!$C$2:$C$722,0,Данные!$A$2:$A$722,">="&77233351000,Данные!$A$2:$A$722,"<="&77233351999) -> 0 | AZ5: =COUNTIFS(Данные!$B$2:$B$722,8,Данные!$C$2:$C$722,0,Данные!$A$2:$A$722,">="&7722440000,Данные!$A$2:$A$722,"<="&7722440999) -> 0 | BA5: =COUNTIFS(Данные!$B$2:$B$722,8,Данные!$C$2:$C$722,0,Данные!$A$2:$A$722,">="&7722442000,Данные!$A$2:$A$722,"<="&7722445659) -> 0 | BB5: =COUNTIFS(Данные!$B$2:$B$722,8,Данные!$C$2:$C$722,0,Данные!$A$2:$A$722,">="&7722450000,Данные!$A$2:$A$722,"<="&7722450199) -> 0 | BC5: =COUNTIFS(Данные!$B$2:$B$722,8,Данные!$C$2:$C$722,0,Данные!$A$2:$A$722,">="&7722451000,Данные!$A$2:$A$722,"<="&7722451374) -> 0 | BD5: =COUNTIFS(Данные!$B$2:$B$722,8,Данные!$C$2:$C$722,0,Данные!$A$2:$A$722,">="&7722452000,Данные!$A$2:$A$722,"<="&7722452299) -> 0 | BE5: =COUNTIFS(Данные!$B$2:$B$722,8,Данные!$C$2:$C$722,0,Данные!$A$2:$A$722,">="&7722453000,Данные!$A$2:$A$722,"<="&7722453816) -> 0 | BF5: =COUNTIFS(Данные!$B$2:$B$722,8,Данные!$C$2:$C$722,0,Данные!$A$2:$A$722,">="&7722454000,Данные!$A$2:$A$722,"<="&7722454099) -> 0 | BG5: =COUNTIFS(Данные!$B$2:$B$722,8,Данные!$C$2:$C$722,0,Данные!$A$2:$A$722,">="&7722458000,Данные!$A$2:$A$722,"<="&7722458999) -> 0 | BH5: =COUNTIFS(Данные!$B$2:$B$722,8,Данные!$C$2:$C$722,0,Данные!$A$2:$A$722,">="&7722630000,Данные!$A$2:$A$722,"<="&7722638549) -> 0 | BI5: =COUNTIFS(Данные!$B$2:$B$722,8,Данные!$C$2:$C$722,0,Данные!$A$2:$A$722,">="&7722639400,Данные!$A$2:$A$722,"<="&7722639899) -> 0 | BJ5: =COUNTIFS(Данные!$B$2:$B$722,8,Данные!$C$2:$C$722,0,Данные!$A$2:$A$722,">="&7725750000,Данные!$A$2:$A$722,"<="&7725750399) -> 0 | BK5: =COUNTIFS(Данные!$B$2:$B$722,8,Данные!$C$2:$C$722,0,Данные!$A$2:$A$722,">="&7723620000,Данные!$A$2:$A$722,"<="&7723621299) -> 0 | BL5: =COUNTIFS(Данные!$B$2:$B$722,8,Данные!$C$2:$C$722,0,Данные!$A$2:$A$722,">="&7723621600,Данные!$A$2:$A$722,"<="&7723623399) -> 0 | BM5: =COUNTIFS(Данные!$B$2:$B$722,8,Данные!$C$2:$C$722,0,Данные!$A$2:$A$722,">="&7725127000,Данные!$A$2:$A$722,"<="&7725127999) -> 0 | BN5: =COUNTIFS(Данные!$B$2:$B$722,8,Данные!$C$2:$C$722,0,Данные!$A$2:$A$722,">="&7723772000,Данные!$A$2:$A$722,"<="&7723724999) -> 0 | BO5: =COUNTIFS(Данные!$B$2:$B$722,8,Данные!$C$2:$C$722,0,Данные!$A$2:$A$722,">="&7723765000,Данные!$A$2:$A$722,"<="&7723765499) -> 0 | BP5: =COUNTIFS(Данные!$B$2:$B$722,8,Данные!$C$2:$C$722,0,Данные!$A$2:$A$722,">="&7723948000,Данные!$A$2:$A$722,"<="&7723948999) -> 0 | BQ5: =COUNTIFS(Данные!$B$2:$B$722,8,Данные!$C$2:$C$722,0,Данные!$A$2:$A$722,">="&7723950000,Данные!$A$2:$A$722,"<="&7723951099) -> 0 | BR5: =COUNTIFS(Данные!$B$2:$B$722,8,Данные!$C$2:$C$722,0,Данные!$A$2:$A$722,">="&7723020000,Данные!$A$2:$A$722,"<="&7723020999) -> 0 | BS5: =COUNTIFS(Данные!$B$2:$B$722,8,Данные!$C$2:$C$722,0,Данные!$A$2:$A$722,">="&7723029000,Данные!$A$2:$A$722,"<="&7723029999) -> 0 | BT5: =COUNTIFS(Данные!$B$2:$B$722,8,Данные!$C$2:$C$722,0,Данные!$A$2:$A$722,">="&7723055000,Данные!$A$2:$A$722,"<="&7723056549) -> 0 | BU5: =COUNTIFS(Данные!$B$2:$B$722,8,Данные!$C$2:$C$722,0,Данные!$A$2:$A$722,">="&7725250000,Данные!$A$2:$A$722,"<="&7725250499) -> 0 | BV5: =COUNTIFS(Данные!$B$2:$B$722,8,Данные!$C$2:$C$722,0,Данные!$A$2:$A$722,">="&7183841400,Данные!$A$2:$A$722,"<="&7183841499) -> 0 | BW5: 300 | BX5: =F5-BW5 -> -300
C6: 1 | D6: 81 | F6: =COUNTIFS(Данные!$B$2:$B$722,8,Данные!$C$2:$C$722,1) -> 0 | G6: =COUNTIFS(Данные!$B$2:$B$722,8,Данные!$C$2:$C$722,1,Данные!$A$2:$A$722,">="&77232210840,Данные!$A$2:$A$722,"<="&77232216999) -> 0 | H6: =COUNTIFS(Данные!$B$2:$B$722,8,Данные!$C$2:$C$722,1,Данные!$A$2:$A$722,">="&77232510512,Данные!$A$2:$A$722,"<="&77232519487) -> 0 | I6: =COUNTIFS(Данные!$B$2:$B$722,8,Данные!$C$2:$C$722,1,Данные!$A$2:$A$722,">="&77232524160,Данные!$A$2:$A$722,"<="&77232529999) -> 0 | J6: =COUNTIFS(Данные!$B$2:$B$722,8,Данные!$C$2:$C$722,1,Данные!$A$2:$A$722,">="&77232544000,Данные!$A$2:$A$722,"<="&77232544999) -> 0 | K6: =COUNTIFS(Данные!$B$2:$B$722,8,Данные!$C$2:$C$722,1,Данные!$A$2:$A$722,">="&77232295504,Данные!$A$2:$A$722,"<="&77232296999) -> 0 | L6: =COUNTIFS(Данные!$B$2:$B$722,8,Данные!$C$2:$C$722,1,Данные!$A$2:$A$722,">="&77232785000,Данные!$A$2:$A$722,"<="&77232789999) -> 0 | M6: =COUNTIFS(Данные!$B$2:$B$722,8,Данные!$C$2:$C$722,1,Данные!$A$2:$A$722,">="&77233150000,Данные!$A$2:$A$722,"<="&77233155999) -> 0 | N6: =COUNTIFS(Данные!$B$2:$B$722,8,Данные!$C$2:$C$722,1,Данные!$A$2:$A$722,">="&77233235000,Данные!$A$2:$A$722,"<="&77233235999) -> 0 | O6: =COUNTIFS(Данные!$B$2:$B$722,8,Данные!$C$2:$C$722,1,Данные!$A$2:$A$722,">="&77233239000,Данные!$A$2:$A$722,"<="&77233239999) -> 0 | P6: =COUNTIFS(Данные!$B$2:$B$722,8,Данные!$C$2:$C$722,1,Данные!$A$2:$A$722,">="&77233272000,Данные!$A$2:$A$722,"<="&77233272999) -> 0 | Q6: =COUNTIFS(Данные!$B$2:$B$722,8,Данные!$C$2:$C$722,1,Данные!$A$2:$A$722,">="&77233291100,Данные!$A$2:$A$722,"<="&77233292999) -> 0 | R6: =COUNTIFS(Данные!$B$2:$B$722,8,Данные!$C$2:$C$722,1,Данные!$A$2:$A$722,">="&77233297000,Данные!$A$2:$A$722,"<="&77233298399) -> 0 | S6: =COUNTIFS(Данные!$B$2:$B$722,8,Данные!$C$2:$C$722,1,Данные!$A$2:$A$722,">="&77235124000,Данные!$A$2:$A$722,"<="&77235128499) -> 0 | T6: =COUNTIFS(Данные!$B$2:$B$722,8,Данные!$C$2:$C$722,1,Данные!$A$2:$A$722,">="&77235320000,Данные!$A$2:$A$722,"<="&77235320999) -> 0 | U6: =COUNTIFS(Данные!$B$2:$B$722,8,Данные!$C$2:$C$722,1,Данные!$A$2:$A$722,">="&77233620000,Данные!$A$2:$A$722,"<="&77233623339) -> 0 | V6: =COUNTIFS(Данные!$B$2:$B$722,8,Данные!$C$2:$C$722,1,Данные!$A$2:$A$722,">="&77233630000,Данные!$A$2:$A$722,"<="&77233630999) -> 0 | W6: =COUNTIFS(Данные!$B$2:$B$722,8,Данные!$C$2:$C$722,1,Данные!$A$2:$A$722,">="&77233637000,Данные!$A$2:$A$722,"<="&77233637599) -> 0 | X6: =COUNTIFS(Данные!$B$2:$B$722,8,Данные!$C$2:$C$722,1,Данные!$A$2:$A$722,">="&77233550000,Данные!$A$2:$A$722,"<="&77233550999) -> 0 | Y6: =COUNTIFS(Данные!$B$2:$B$722,8,Данные!$C$2:$C$722,1,Данные!$A$2:$A$722,">="&77233554000,Данные!$A$2:$A$722,"<="&77233554999) -> 0 | Z6: =COUNTIFS(Данные!$B$2:$B$722,8,Данные!$C$2:$C$722,1,Данные!$A$2:$A$722,">="&77233555000,Данные!$A$2:$A$722,"<="&77233556999) -> 0 | AA6: =COUNTIFS(Данные!$B$2:$B$722,8,Данные!$C$2:$C$722,1,Данные!$A$2:$A$722,">="&77233726000,Данные!$A$2:$A$722,"<="&77233726999) -> 0 | AB6: =COUNTIFS(Данные!$B$2:$B$722,8,Данные!$C$2:$C$722,1,Данные!$A$2:$A$722,">="&77233820000,Данные!$A$2:$A$722,"<="&77233820999) -> 0 | AC6: =COUNTIFS(Данные!$B$2:$B$722,8,Данные!$C$2:$C$722,1,Данные!$A$2:$A$722,">="&77233850000,Данные!$A$2:$A$722,"<="&77233850999) -> 0 | AD6: =COUNTIFS(Данные!$B$2:$B$722,8,Данные!$C$2:$C$722,1,Данные!$A$2:$A$722,">="&77233420000,Данные!$A$2:$A$722,"<="&77233420999) -> 0 | AE6: =COUNTIFS(Данные!$B$2:$B$722,8,Данные!$C$2:$C$722,1,Данные!$A$2:$A$722,">="&77234740000,Данные!$A$2:$A$722,"<="&77234742999) -> 0 | AF6: =COUNTIFS(Данные!$B$2:$B$722,8,Данные!$C$2:$C$722,1,Данные!$A$2:$A$722,">="&77234767000,Данные!$A$2:$A$722,"<="&77234767999) -> 0 | AG6: =COUNTIFS(Данные!$B$2:$B$722,8,Данные!$C$2:$C$722,1,Данные!$A$2:$A$722,">="&77234120000,Данные!$A$2:$A$722,"<="&77234120999) -> 0 | AH6: =COUNTIFS(Данные!$B$2:$B$722,8,Данные!$C$2:$C$722,1,Данные!$A$2:$A$722,">="&77234127000,Данные!$A$2:$A$722,"<="&77234127999) -> 0 | AI6: =COUNTIFS(Данные!$B$2:$B$722,8,Данные!$C$2:$C$722,1,Данные!$A$2:$A$722,">="&77234220000,Данные!$A$2:$A$722,"<="&77234220999) -> 0 | AJ6: =COUNTIFS(Данные!$B$2:$B$722,8,Данные!$C$2:$C$722,1,Данные!$A$2:$A$722,">="&77234250000,Данные!$A$2:$A$722,"<="&77234250999) -> 0 | AK6: =COUNTIFS(Данные!$B$2:$B$722,8,Данные!$C$2:$C$722,1,Данные!$A$2:$A$722,">="&77233922950,Данные!$A$2:$A$722,"<="&77233924999) -> 0 | AL6: =COUNTIFS(Данные!$B$2:$B$722,8,Данные!$C$2:$C$722,1,Данные!$A$2:$A$722,">="&77234320000,Данные!$A$2:$A$722,"<="&77234320999) -> 0 | AM6: =COUNTIFS(Данные!$B$2:$B$722,8,Данные!$C$2:$C$722,1,Данные!$A$2:$A$722,">="&77234350000,Данные!$A$2:$A$722,"<="&77234350999) -> 0 | AN6: =COUNTIFS(Данные!$B$2:$B$722,8,Данные!$C$2:$C$722,1,Данные!$A$2:$A$722,">="&77234020000,Данные!$A$2:$A$722,"<="&77234020999) -> 0 | AO6: =COUNTIFS(Данные!$B$2:$B$722,8,Данные!$C$2:$C$722,1,Данные!$A$2:$A$722,">="&77234029000,Данные!$A$2:$A$722,"<="&77234029999) -> 0 | AP6: =COUNTIFS(Данные!$B$2:$B$722,8,Данные!$C$2:$C$722,1,Данные!$A$2:$A$722,">="&77234050000,Данные!$A$2:$A$722,"<="&77234050999) -> 0 | AQ6: =COUNTIFS(Данные!$B$2:$B$722,8,Данные!$C$2:$C$722,1,Данные!$A$2:$A$722,">="&77234427000,Данные!$A$2:$A$722,"<="&77234428999) -> 0 | AR6: =COUNTIFS(Данные!$B$2:$B$722,8,Данные!$C$2:$C$722,1,Данные!$A$2:$A$722,">="&77234450000,Данные!$A$2:$A$722,"<="&77234450999) -> 0 | AS6: =COUNTIFS(Данные!$B$2:$B$722,8,Данные!$C$2:$C$722,1,Данные!$A$2:$A$722,">="&77234620000,Данные!$A$2:$A$722,"<="&77234620999) -> 0 | AT6: =COUNTIFS(Данные!$B$2:$B$722,8,Данные!$C$2:$C$722,1,Данные!$A$2:$A$722,">="&77234650000,Данные!$A$2:$A$722,"<="&77234650999) -> 0 | AU6: =COUNTIFS(Данные!$B$2:$B$722,8,Данные!$C$2:$C$722,1,Данные!$A$2:$A$722,">="&77234820000,Данные!$A$2:$A$722,"<="&77234820999) -> 0 | AV6: =COUNTIFS(Данные!$B$2:$B$722,8,Данные!$C$2:$C$722,1,Данные!$A$2:$A$722,">="&77234850000,Данные!$A$2:$A$722,"<="&77234850999) -> 0 | AW6: =COUNTIFS(Данные!$B$2:$B$722,8,Данные!$C$2:$C$722,1,Данные!$A$2:$A$722,">="&77233327000,Данные!$A$2:$A$722,"<="&77233327999) -> 0 | AX6: =COUNTIFS(Данные!$B$2:$B$722,8,Данные!$C$2:$C$722,1,Данные!$A$2:$A$722,">="&77233350000,Данные!$A$2:$A$722,"<="&77233350599) -> 0 | AY6: =COUNTIFS(Данные!$B$2:$B$722,8,Данные!$C$2:$C$722,1,Данные!$A$2:$A$722,">="&77233351000,Данные!$A$2:$A$722,"<="&77233351999) -> 0 | AZ6: =COUNTIFS(Данные!$B$2:$B$722,8,Данные!$C$2:$C$722,1,Данные!$A$2:$A$722,">="&7722440000,Данные!$A$2:$A$722,"<="&7722440999) -> 0 | BA6: =COUNTIFS(Данные!$B$2:$B$722,8,Данные!$C$2:$C$722,1,Данные!$A$2:$A$722,">="&7722442000,Данные!$A$2:$A$722,"<="&7722445659) -> 0 | BB6: =COUNTIFS(Данные!$B$2:$B$722,8,Данные!$C$2:$C$722,1,Данные!$A$2:$A$722,">="&7722450000,Данные!$A$2:$A$722,"<="&7722450199) -> 0 | BC6: =COUNTIFS(Данные!$B$2:$B$722,8,Данные!$C$2:$C$722,1,Данные!$A$2:$A$722,">="&7722451000,Данные!$A$2:$A$722,"<="&7722451374) -> 0 | BD6: =COUNTIFS(Данные!$B$2:$B$722,8,Данные!$C$2:$C$722,1,Данные!$A$2:$A$722,">="&7722452000,Данные!$A$2:$A$722,"<="&7722452299) -> 0 | BE6: =COUNTIFS(Данные!$B$2:$B$722,8,Данные!$C$2:$C$722,1,Данные!$A$2:$A$722,">="&7722453000,Данные!$A$2:$A$722,"<="&7722453816) -> 0 | BF6: =COUNTIFS(Данные!$B$2:$B$722,8,Данные!$C$2:$C$722,1,Данные!$A$2:$A$722,">="&7722454000,Данные!$A$2:$A$722,"<="&7722454099) -> 0 | BG6: =COUNTIFS(Данные!$B$2:$B$722,8,Данные!$C$2:$C$722,1,Данные!$A$2:$A$722,">="&7722458000,Данные!$A$2:$A$722,"<="&7722458999) -> 0 | BH6: =COUNTIFS(Данные!$B$2:$B$722,8,Данные!$C$2:$C$722,1,Данные!$A$2:$A$722,">="&7722630000,Данные!$A$2:$A$722,"<="&7722638549) -> 0 | BI6: =COUNTIFS(Данные!$B$2:$B$722,8,Данные!$C$2:$C$722,1,Данные!$A$2:$A$722,">="&7722639400,Данные!$A$2:$A$722,"<="&7722639899) -> 0 | BJ6: =COUNTIFS(Данные!$B$2:$B$722,8,Данные!$C$2:$C$722,1,Данные!$A$2:$A$722,">="&7725750000,Данные!$A$2:$A$722,"<="&7725750399) -> 0 | BK6: =COUNTIFS(Данные!$B$2:$B$722,8,Данные!$C$2:$C$722,1,Данные!$A$2:$A$722,">="&7723620000,Данные!$A$2:$A$722,"<="&7723621299) -> 0 | BL6: =COUNTIFS(Данные!$B$2:$B$722,8,Данные!$C$2:$C$722,1,Данные!$A$2:$A$722,">="&7723621600,Данные!$A$2:$A$722,"<="&7723623399) -> 0 | BM6: =COUNTIFS(Данные!$B$2:$B$722,8,Данные!$C$2:$C$722,1,Данные!$A$2:$A$722,">="&7725127000,Данные!$A$2:$A$722,"<="&7725127999) -> 0 | BN6: =COUNTIFS(Данные!$B$2:$B$722,8,Данные!$C$2:$C$722,1,Данные!$A$2:$A$722,">="&7723772000,Данные!$A$2:$A$722,"<="&7723724999) -> 0 | BO6: =COUNTIFS(Данные!$B$2:$B$722,8,Данные!$C$2:$C$722,1,Данные!$A$2:$A$722,">="&7723765000,Данные!$A$2:$A$722,"<="&7723765499) -> 0 | BP6: =COUNTIFS(Данные!$B$2:$B$722,8,Данные!$C$2:$C$722,1,Данные!$A$2:$A$722,">="&7723948000,Данные!$A$2:$A$722,"<="&7723948999) -> 0 | BQ6: =COUNTIFS(Данные!$B$2:$B$722,8,Данные!$C$2:$C$722,1,Данные!$A$2:$A$722,">="&7723950000,Данные!$A$2:$A$722,"<="&7723951099) -> 0 | BR6: =COUNTIFS(Данные!$B$2:$B$722,8,Данные!$C$2:$C$722,1,Данные!$A$2:$A$722,">="&7723020000,Данные!$A$2:$A$722,"<="&7723020999) -> 0 | BS6: =COUNTIFS(Данные!$B$2:$B$722,8,Данные!$C$2:$C$722,1,Данные!$A$2:$A$722,">="&7723029000,Данные!$A$2:$A$722,"<="&7723029999) -> 0 | BT6: =COUNTIFS(Данные!$B$2:$B$722,8,Данные!$C$2:$C$722,1,Данные!$A$2:$A$722,">="&7723055000,Данные!$A$2:$A$722,"<="&7723056549) -> 0 | BU6: =COUNTIFS(Данные!$B$2:$B$722,8,Данные!$C$2:$C$722,1,Данные!$A$2:$A$722,">="&7725250000,Данные!$A$2:$A$722,"<="&7725250499) -> 0 | BV6: =COUNTIFS(Данные!$B$2:$B$722,8,Данные!$C$2:$C$722,1,Данные!$A$2:$A$722,">="&7183841400,Данные!$A$2:$A$722,"<="&7183841499) -> 0 | BW6: 300 | BX6: =F6-BW6 -> -300
C7: 2 | D7: 82 | F7: =COUNTIFS(Данные!$B$2:$B$722,8,Данные!$C$2:$C$722,2) -> 0 | G7: =COUNTIFS(Данные!$B$2:$B$722,8,Данные!$C$2:$C$722,2,Данные!$A$2:$A$722,">="&77232210840,Данные!$A$2:$A$722,"<="&77232216999) -> 0 | H7: =COUNTIFS(Данные!$B$2:$B$722,8,Данные!$C$2:$C$722,2,Данные!$A$2:$A$722,">="&77232510512,Данные!$A$2:$A$722,"<="&77232519487) -> 0 | I7: =COUNTIFS(Данные!$B$2:$B$722,8,Данные!$C$2:$C$722,2,Данные!$A$2:$A$722,">="&77232524160,Данные!$A$2:$A$722,"<="&77232529999) -> 0 | J7: =COUNTIFS(Данные!$B$2:$B$722,8,Данные!$C$2:$C$722,2,Данные!$A$2:$A$722,">="&77232544000,Данные!$A$2:$A$722,"<="&77232544999) -> 0 | K7: =COUNTIFS(Данные!$B$2:$B$722,8,Данные!$C$2:$C$722,2,Данные!$A$2:$A$722,">="&77232295504,Данные!$A$2:$A$722,"<="&77232296999) -> 0 | L7: =COUNTIFS(Данные!$B$2:$B$722,8,Данные!$C$2:$C$722,2,Данные!$A$2:$A$722,">="&77232785000,Данные!$A$2:$A$722,"<="&77232789999) -> 0 | M7: =COUNTIFS(Данные!$B$2:$B$722,8,Данные!$C$2:$C$722,2,Данные!$A$2:$A$722,">="&77233150000,Данные!$A$2:$A$722,"<="&77233155999) -> 0 | N7: =COUNTIFS(Данные!$B$2:$B$722,8,Данные!$C$2:$C$722,2,Данные!$A$2:$A$722,">="&77233235000,Данные!$A$2:$A$722,"<="&77233235999) -> 0 | O7: =COUNTIFS(Данные!$B$2:$B$722,8,Данные!$C$2:$C$722,2,Данные!$A$2:$A$722,">="&77233239000,Данные!$A$2:$A$722,"<="&77233239999) -> 0 | P7: =COUNTIFS(Данные!$B$2:$B$722,8,Данные!$C$2:$C$722,2,Данные!$A$2:$A$722,">="&77233272000,Данные!$A$2:$A$722,"<="&77233272999) -> 0 | Q7: =COUNTIFS(Данные!$B$2:$B$722,8,Данные!$C$2:$C$722,2,Данные!$A$2:$A$722,">="&77233291100,Данные!$A$2:$A$722,"<="&77233292999) -> 0 | R7: =COUNTIFS(Данные!$B$2:$B$722,8,Данные!$C$2:$C$722,2,Данные!$A$2:$A$722,">="&77233297000,Данные!$A$2:$A$722,"<="&77233298399) -> 0 | S7: =COUNTIFS(Данные!$B$2:$B$722,8,Данные!$C$2:$C$722,2,Данные!$A$2:$A$722,">="&77235124000,Данные!$A$2:$A$722,"<="&77235128499) -> 0 | T7: =COUNTIFS(Данные!$B$2:$B$722,8,Данные!$C$2:$C$722,2,Данные!$A$2:$A$722,">="&77235320000,Данные!$A$2:$A$722,"<="&77235320999) -> 0 | U7: =COUNTIFS(Данные!$B$2:$B$722,8,Данные!$C$2:$C$722,2,Данные!$A$2:$A$722,">="&77233620000,Данные!$A$2:$A$722,"<="&77233623339) -> 0 | V7: =COUNTIFS(Данные!$B$2:$B$722,8,Данные!$C$2:$C$722,2,Данные!$A$2:$A$722,">="&77233630000,Данные!$A$2:$A$722,"<="&77233630999) -> 0 | W7: =COUNTIFS(Данные!$B$2:$B$722,8,Данные!$C$2:$C$722,2,Данные!$A$2:$A$722,">="&77233637000,Данные!$A$2:$A$722,"<="&77233637599) -> 0 | X7: =COUNTIFS(Данные!$B$2:$B$722,8,Данные!$C$2:$C$722,2,Данные!$A$2:$A$722,">="&77233550000,Данные!$A$2:$A$722,"<="&77233550999) -> 0 | Y7: =COUNTIFS(Данные!$B$2:$B$722,8,Данные!$C$2:$C$722,2,Данные!$A$2:$A$722,">="&77233554000,Данные!$A$2:$A$722,"<="&77233554999) -> 0 | Z7: =COUNTIFS(Данные!$B$2:$B$722,8,Данные!$C$2:$C$722,2,Данные!$A$2:$A$722,">="&77233555000,Данные!$A$2:$A$722,"<="&77233556999) -> 0 | AA7: =COUNTIFS(Данные!$B$2:$B$722,8,Данные!$C$2:$C$722,2,Данные!$A$2:$A$722,">="&77233726000,Данные!$A$2:$A$722,"<="&77233726999) -> 0 | AB7: =COUNTIFS(Данные!$B$2:$B$722,8,Данные!$C$2:$C$722,2,Данные!$A$2:$A$722,">="&77233820000,Данные!$A$2:$A$722,"<="&77233820999) -> 0 | AC7: =COUNTIFS(Данные!$B$2:$B$722,8,Данные!$C$2:$C$722,2,Данные!$A$2:$A$722,">="&77233850000,Данные!$A$2:$A$722,"<="&77233850999) -> 0 | AD7: =COUNTIFS(Данные!$B$2:$B$722,8,Данные!$C$2:$C$722,2,Данные!$A$2:$A$722,">="&77233420000,Данные!$A$2:$A$722,"<="&77233420999) -> 0 | AE7: =COUNTIFS(Данные!$B$2:$B$722,8,Данные!$C$2:$C$722,2,Данные!$A$2:$A$722,">="&77234740000,Данные!$A$2:$A$722,"<="&77234742999) -> 0 | AF7: =COUNTIFS(Данные!$B$2:$B$722,8,Данные!$C$2:$C$722,2,Данные!$A$2:$A$722,">="&77234767000,Данные!$A$2:$A$722,"<="&77234767999) -> 0 | AG7: =COUNTIFS(Данные!$B$2:$B$722,8,Данные!$C$2:$C$722,2,Данные!$A$2:$A$722,">="&77234120000,Данные!$A$2:$A$722,"<="&77234120999) -> 0 | AH7: =COUNTIFS(Данные!$B$2:$B$722,8,Данные!$C$2:$C$722,2,Данные!$A$2:$A$722,">="&77234127000,Данные!$A$2:$A$722,"<="&77234127999) -> 0 | AI7: =COUNTIFS(Данные!$B$2:$B$722,8,Данные!$C$2:$C$722,2,Данные!$A$2:$A$722,">="&77234220000,Данные!$A$2:$A$722,"<="&77234220999) -> 0 | AJ7: =COUNTIFS(Данные!$B$2:$B$722,8,Данные!$C$2:$C$722,2,Данные!$A$2:$A$722,">="&77234250000,Данные!$A$2:$A$722,"<="&77234250999) -> 0 | AK7: =COUNTIFS(Данные!$B$2:$B$722,8,Данные!$C$2:$C$722,2,Данные!$A$2:$A$722,">="&77233922950,Данные!$A$2:$A$722,"<="&77233924999) -> 0 | AL7: =COUNTIFS(Данные!$B$2:$B$722,8,Данные!$C$2:$C$722,2,Данные!$A$2:$A$722,">="&77234320000,Данные!$A$2:$A$722,"<="&77234320999) -> 0 | AM7: =COUNTIFS(Данные!$B$2:$B$722,8,Данные!$C$2:$C$722,2,Данные!$A$2:$A$722,">="&77234350000,Данные!$A$2:$A$722,"<="&77234350999) -> 0 | AN7: =COUNTIFS(Данные!$B$2:$B$722,8,Данные!$C$2:$C$722,2,Данные!$A$2:$A$722,">="&77234020000,Данные!$A$2:$A$722,"<="&77234020999) -> 0 | AO7: =COUNTIFS(Данные!$B$2:$B$722,8,Данные!$C$2:$C$722,2,Данные!$A$2:$A$722,">="&77234029000,Данные!$A$2:$A$722,"<="&77234029999) -> 0 | AP7: =COUNTIFS(Данные!$B$2:$B$722,8,Данные!$C$2:$C$722,2,Данные!$A$2:$A$722,">="&77234050000,Данные!$A$2:$A$722,"<="&77234050999) -> 0 | AQ7: =COUNTIFS(Данные!$B$2:$B$722,8,Данные!$C$2:$C$722,2,Данные!$A$2:$A$722,">="&77234427000,Данные!$A$2:$A$722,"<="&77234428999) -> 0 | AR7: =COUNTIFS(Данные!$B$2:$B$722,8,Данные!$C$2:$C$722,2,Данные!$A$2:$A$722,">="&77234450000,Данные!$A$2:$A$722,"<="&77234450999) -> 0 | AS7: =COUNTIFS(Данные!$B$2:$B$722,8,Данные!$C$2:$C$722,2,Данные!$A$2:$A$722,">="&77234620000,Данные!$A$2:$A$722,"<="&77234620999) -> 0 | AT7: =COUNTIFS(Данные!$B$2:$B$722,8,Данные!$C$2:$C$722,2,Данные!$A$2:$A$722,">="&77234650000,Данные!$A$2:$A$722,"<="&77234650999) -> 0 | AU7: =COUNTIFS(Данные!$B$2:$B$722,8,Данные!$C$2:$C$722,2,Данные!$A$2:$A$722,">="&77234820000,Данные!$A$2:$A$722,"<="&77234820999) -> 0 | AV7: =COUNTIFS(Данные!$B$2:$B$722,8,Данные!$C$2:$C$722,2,Данные!$A$2:$A$722,">="&77234850000,Данные!$A$2:$A$722,"<="&77234850999) -> 0 | AW7: =COUNTIFS(Данные!$B$2:$B$722,8,Данные!$C$2:$C$722,2,Данные!$A$2:$A$722,">="&77233327000,Данные!$A$2:$A$722,"<="&77233327999) -> 0 | AX7: =COUNTIFS(Данные!$B$2:$B$722,8,Данные!$C$2:$C$722,2,Данные!$A$2:$A$722,">="&77233350000,Данные!$A$2:$A$722,"<="&77233350599) -> 0 | AY7: =COUNTIFS(Данные!$B$2:$B$722,8,Данные!$C$2:$C$722,2,Данные!$A$2:$A$722,">="&77233351000,Данные!$A$2:$A$722,"<="&77233351999) -> 0 | AZ7: =COUNTIFS(Данные!$B$2:$B$722,8,Данные!$C$2:$C$722,2,Данные!$A$2:$A$722,">="&7722440000,Данные!$A$2:$A$722,"<="&7722440999) -> 0 | BA7: =COUNTIFS(Данные!$B$2:$B$722,8,Данные!$C$2:$C$722,2,Данные!$A$2:$A$722,">="&7722442000,Данные!$A$2:$A$722,"<="&7722445659) -> 0 | BB7: =COUNTIFS(Данные!$B$2:$B$722,8,Данные!$C$2:$C$722,2,Данные!$A$2:$A$722,">="&7722450000,Данные!$A$2:$A$722,"<="&7722450199) -> 0 | BC7: =COUNTIFS(Данные!$B$2:$B$722,8,Данные!$C$2:$C$722,2,Данные!$A$2:$A$722,">="&7722451000,Данные!$A$2:$A$722,"<="&7722451374) -> 0 | BD7: =COUNTIFS(Данные!$B$2:$B$722,8,Данные!$C$2:$C$722,2,Данные!$A$2:$A$722,">="&7722452000,Данные!$A$2:$A$722,"<="&7722452299) -> 0 | BE7: =COUNTIFS(Данные!$B$2:$B$722,8,Данные!$C$2:$C$722,2,Данные!$A$2:$A$722,">="&7722453000,Данные!$A$2:$A$722,"<="&7722453816) -> 0 | BF7: =COUNTIFS(Данные!$B$2:$B$722,8,Данные!$C$2:$C$722,2,Данные!$A$2:$A$722,">="&7722454000,Данные!$A$2:$A$722,"<="&7722454099) -> 0 | BG7: =COUNTIFS(Данные!$B$2:$B$722,8,Данные!$C$2:$C$722,2,Данные!$A$2:$A$722,">="&7722458000,Данные!$A$2:$A$722,"<="&7722458999) -> 0 | BH7: =COUNTIFS(Данные!$B$2:$B$722,8,Данные!$C$2:$C$722,2,Данные!$A$2:$A$722,">="&7722630000,Данные!$A$2:$A$722,"<="&7722638549) -> 0 | BI7: =COUNTIFS(Данные!$B$2:$B$722,8,Данные!$C$2:$C$722,2,Данные!$A$2:$A$722,">="&7722639400,Данные!$A$2:$A$722,"<="&7722639899) -> 0 | BJ7: =COUNTIFS(Данные!$B$2:$B$722,8,Данные!$C$2:$C$722,2,Данные!$A$2:$A$722,">="&7725750000,Данные!$A$2:$A$722,"<="&7725750399) -> 0 | BK7: =COUNTIFS(Данные!$B$2:$B$722,8,Данные!$C$2:$C$722,2,Данные!$A$2:$A$722,">="&7723620000,Данные!$A$2:$A$722,"<="&7723621299) -> 0 | BL7: =COUNTIFS(Данные!$B$2:$B$722,8,Данные!$C$2:$C$722,2,Данные!$A$2:$A$722,">="&7723621600,Данные!$A$2:$A$722,"<="&7723623399) -> 0 | BM7: =COUNTIFS(Данные!$B$2:$B$722,8,Данные!$C$2:$C$722,2,Данные!$A$2:$A$722,">="&7725127000,Данные!$A$2:$A$722,"<="&7725127999) -> 0 | BN7: =COUNTIFS(Данные!$B$2:$B$722,8,Данные!$C$2:$C$722,2,Данные!$A$2:$A$722,">="&7723772000,Данные!$A$2:$A$722,"<="&7723724999) -> 0 | BO7: =COUNTIFS(Данные!$B$2:$B$722,8,Данные!$C$2:$C$722,2,Данные!$A$2:$A$722,">="&7723765000,Данные!$A$2:$A$722,"<="&7723765499) -> 0 | BP7: =COUNTIFS(Данные!$B$2:$B$722,8,Данные!$C$2:$C$722,2,Данные!$A$2:$A$722,">="&7723948000,Данные!$A$2:$A$722,"<="&7723948999) -> 0 | BQ7: =COUNTIFS(Данные!$B$2:$B$722,8,Данные!$C$2:$C$722,2,Данные!$A$2:$A$722,">="&7723950000,Данные!$A$2:$A$722,"<="&7723951099) -> 0 | BR7: =COUNTIFS(Данные!$B$2:$B$722,8,Данные!$C$2:$C$722,2,Данные!$A$2:$A$722,">="&7723020000,Данные!$A$2:$A$722,"<="&7723020999) -> 0 | BS7: =COUNTIFS(Данные!$B$2:$B$722,8,Данные!$C$2:$C$722,2,Данные!$A$2:$A$722,">="&7723029000,Данные!$A$2:$A$722,"<="&7723029999) -> 0 | BT7: =COUNTIFS(Данные!$B$2:$B$722,8,Данные!$C$2:$C$722,2,Данные!$A$2:$A$722,">="&7723055000,Данные!$A$2:$A$722,"<="&7723056549) -> 0 | BU7: =COUNTIFS(Данные!$B$2:$B$722,8,Данные!$C$2:$C$722,2,Данные!$A$2:$A$722,">="&7725250000,Данные!$A$2:$A$722,"<="&7725250499) -> 0 | BV7: =COUNTIFS(Данные!$B$2:$B$722,8,Данные!$C$2:$C$722,2,Данные!$A$2:$A$722,">="&7183841400,Данные!$A$2:$A$722,"<="&7183841499) -> 0 | BW7: 300 | BX7: =F7-BW7 -> -300
A8: 9 | B8: Шемонаиха | C8: 0 | D8: 90 | E8: =SUM(F8:F10) -> 64 | F8: =COUNTIFS(Данные!$B$2:$B$722,9,Данные!$C$2:$C$722,0) -> 0 | G8: =COUNTIFS(Данные!$B$2:$B$722,9,Данные!$C$2:$C$722,0,Данные!$A$2:$A$722,">="&77232210840,Данные!$A$2:$A$722,"<="&77232216999) -> 0 | H8: =COUNTIFS(Данные!$B$2:$B$722,9,Данные!$C$2:$C$722,0,Данные!$A$2:$A$722,">="&77232510512,Данные!$A$2:$A$722,"<="&77232519487) -> 0 | I8: =COUNTIFS(Данные!$B$2:$B$722,9,Данные!$C$2:$C$722,0,Данные!$A$2:$A$722,">="&77232524160,Данные!$A$2:$A$722,"<="&77232529999) -> 0 | J8: =COUNTIFS(Данные!$B$2:$B$722,9,Данные!$C$2:$C$722,0,Данные!$A$2:$A$722,">="&77232544000,Данные!$A$2:$A$722,"<="&77232544999) -> 0 | K8: =COUNTIFS(Данные!$B$2:$B$722,9,Данные!$C$2:$C$722,0,Данные!$A$2:$A$722,">="&77232295504,Данные!$A$2:$A$722,"<="&77232296999) -> 0 | L8: =COUNTIFS(Данные!$B$2:$B$722,9,Данные!$C$2:$C$722,0,Данные!$A$2:$A$722,">="&77232785000,Данные!$A$2:$A$722,"<="&77232789999) -> 0 | M8: =COUNTIFS(Данные!$B$2:$B$722,9,Данные!$C$2:$C$722,0,Данные!$A$2:$A$722,">="&77233150000,Данные!$A$2:$A$722,"<="&77233155999) -> 0 | N8: =COUNTIFS(Данные!$B$2:$B$722,9,Данные!$C$2:$C$722,0,Данные!$A$2:$A$722,">="&77233235000,Данные!$A$2:$A$722,"<="&77233235999) -> 0 | O8: =COUNTIFS(Данные!$B$2:$B$722,9,Данные!$C$2:$C$722,0,Данные!$A$2:$A$722,">="&77233239000,Данные!$A$2:$A$722,"<="&77233239999) -> 0 | P8: =COUNTIFS(Данные!$B$2:$B$722,9,Данные!$C$2:$C$722,0,Данные!$A$2:$A$722,">="&77233272000,Данные!$A$2:$A$722,"<="&77233272999) -> 0 | Q8: =COUNTIFS(Данные!$B$2:$B$722,9,Данные!$C$2:$C$722,0,Данные!$A$2:$A$722,">="&77233291100,Данные!$A$2:$A$722,"<="&77233292999) -> 0 | R8: =COUNTIFS(Данные!$B$2:$B$722,9,Данные!$C$2:$C$722,0,Данные!$A$2:$A$722,">="&77233297000,Данные!$A$2:$A$722,"<="&77233298399) -> 0 | S8: =COUNTIFS(Данные!$B$2:$B$722,9,Данные!$C$2:$C$722,0,Данные!$A$2:$A$722,">="&77235124000,Данные!$A$2:$A$722,"<="&77235128499) -> 0 | T8: =COUNTIFS(Данные!$B$2:$B$722,9,Данные!$C$2:$C$722,0,Данные!$A$2:$A$722,">="&77235320000,Данные!$A$2:$A$722,"<="&77235320999) -> 0 | U8: =COUNTIFS(Данные!$B$2:$B$722,9,Данные!$C$2:$C$722,0,Данные!$A$2:$A$722,">="&77233620000,Данные!$A$2:$A$722,"<="&77233623339) -> 0 | V8: =COUNTIFS(Данные!$B$2:$B$722,9,Данные!$C$2:$C$722,0,Данные!$A$2:$A$722,">="&77233630000,Данные!$A$2:$A$722,"<="&77233630999) -> 0 | W8: =COUNTIFS(Данные!$B$2:$B$722,9,Данные!$C$2:$C$722,0,Данные!$A$2:$A$722,">="&77233637000,Данные!$A$2:$A$722,"<="&77233637599) -> 0 | X8: =COUNTIFS(Данные!$B$2:$B$722,9,Данные!$C$2:$C$722,0,Данные!$A$2:$A$722,">="&77233550000,Данные!$A$2:$A$722,"<="&77233550999) -> 0 | Y8: =COUNTIFS(Данные!$B$2:$B$722,9,Данные!$C$2:$C$722,0,Данные!$A$2:$A$722,">="&77233554000,Данные!$A$2:$A$722,"<="&77233554999) -> 0 | Z8: =COUNTIFS(Данные!$B$2:$B$722,9,Данные!$C$2:$C$722,0,Данные!$A$2:$A$722,">="&77233555000,Данные!$A$2:$A$722,"<="&77233556999) -> 0 | AA8: =COUNTIFS(Данные!$B$2:$B$722,9,Данные!$C$2:$C$722,0,Данные!$A$2:$A$722,">="&77233726000,Данные!$A$2:$A$722,"<="&77233726999) -> 0 | AB8: =COUNTIFS(Данные!$B$2:$B$722,9,Данные!$C$2:$C$722,0,Данные!$A$2:$A$722,">="&77233820000,Данные!$A$2:$A$722,"<="&77233820999) -> 0 | AC8: =COUNTIFS(Данные!$B$2:$B$722,9,Данные!$C$2:$C$722,0,Данные!$A$2:$A$722,">="&77233850000,Данные!$A$2:$A$722,"<="&77233850999) -> 0 | AD8: =COUNTIFS(Данные!$B$2:$B$722,9,Данные!$C$2:$C$722,0,Данные!$A$2:$A$722,">="&77233420000,Данные!$A$2:$A$722,"<="&77233420999) -> 0 | AE8: =COUNTIFS(Данные!$B$2:$B$722,9,Данные!$C$2:$C$722,0,Данные!$A$2:$A$722,">="&77234740000,Данные!$A$2:$A$722,"<="&77234742999) -> 0 | AF8: =COUNTIFS(Данные!$B$2:$B$722,9,Данные!$C$2:$C$722,0,Данные!$A$2:$A$722,">="&77234767000,Данные!$A$2:$A$722,"<="&77234767999) -> 0 | AG8: =COUNTIFS(Данные!$B$2:$B$722,9,Данные!$C$2:$C$722,0,Данные!$A$2:$A$722,">="&77234120000,Данные!$A$2:$A$722,"<="&77234120999) -> 0 | AH8: =COUNTIFS(Данные!$B$2:$B$722,9,Данные!$C$2:$C$722,0,Данные!$A$2:$A$722,">="&77234127000,Данные!$A$2:$A$722,"<="&77234127999) -> 0 | AI8: =COUNTIFS(Данные!$B$2:$B$722,9,Данные!$C$2:$C$722,0,Данные!$A$2:$A$722,">="&77234220000,Данные!$A$2:$A$722,"<="&77234220999) -> 0 | AJ8: =COUNTIFS(Данные!$B$2:$B$722,9,Данные!$C$2:$C$722,0,Данные!$A$2:$A$722,">="&77234250000,Данные!$A$2:$A$722,"<="&77234250999) -> 0 | AK8: =COUNTIFS(Данные!$B$2:$B$722,9,Данные!$C$2:$C$722,0,Данные!$A$2:$A$722,">="&77233922950,Данные!$A$2:$A$722,"<="&77233924999) -> 0 | AL8: =COUNTIFS(Данные!$B$2:$B$722,9,Данные!$C$2:$C$722,0,Данные!$A$2:$A$722,">="&77234320000,Данные!$A$2:$A$722,"<="&77234320999) -> 0 | AM8: =COUNTIFS(Данные!$B$2:$B$722,9,Данные!$C$2:$C$722,0,Данные!$A$2:$A$722,">="&77234350000,Данные!$A$2:$A$722,"<="&77234350999) -> 0 | AN8: =COUNTIFS(Данные!$B$2:$B$722,9,Данные!$C$2:$C$722,0,Данные!$A$2:$A$722,">="&77234020000,Данные!$A$2:$A$722,"<="&77234020999) -> 0 | AO8: =COUNTIFS(Данные!$B$2:$B$722,9,Данные!$C$2:$C$722,0,Данные!$A$2:$A$722,">="&77234029000,Данные!$A$2:$A$722,"<="&77234029999) -> 0 | AP8: =COUNTIFS(Данные!$B$2:$B$722,9,Данные!$C$2:$C$722,0,Данные!$A$2:$A$722,">="&77234050000,Данные!$A$2:$A$722,"<="&77234050999) -> 0 | AQ8: =COUNTIFS(Данные!$B$2:$B$722,9,Данные!$C$2:$C$722,0,Данные!$A$2:$A$722,">="&77234427000,Данные!$A$2:$A$722,"<="&77234428999) -> 0 | AR8: =COUNTIFS(Данные!$B$2:$B$722,9,Данные!$C$2:$C$722,0,Данные!$A$2:$A$722,">="&77234450000,Данные!$A$2:$A$722,"<="&77234450999) -> 0 | AS8: =COUNTIFS(Данные!$B$2:$B$722,9,Данные!$C$2:$C$722,0,Данные!$A$2:$A$722,">="&77234620000,Данные!$A$2:$A$722,"<="&77234620999) -> 0 | AT8: =COUNTIFS(Данные!$B$2:$B$722,9,Данные!$C$2:$C$722,0,Данные!$A$2:$A$722,">="&77234650000,Данные!$A$2:$A$722,"<="&77234650999) -> 0 | AU8: =COUNTIFS(Данные!$B$2:$B$722,9,Данные!$C$2:$C$722,0,Данные!$A$2:$A$722,">="&77234820000,Данные!$A$2:$A$722,"<="&77234820999) -> 0 | AV8: =COUNTIFS(Данные!$B$2:$B$722,9,Данные!$C$2:$C$722,0,Данные!$A$2:$A$722,">="&77234850000,Данные!$A$2:$A$722,"<="&77234850999) -> 0 | AW8: =COUNTIFS(Данные!$B$2:$B$722,9,Данные!$C$2:$C$722,0,Данные!$A$2:$A$722,">="&77233327000,Данные!$A$2:$A$722,"<="&77233327999) -> 0 | AX8: =COUNTIFS(Данные!$B$2:$B$722,9,Данные!$C$2:$C$722,0,Данные!$A$2:$A$722,">="&77233350000,Данные!$A$2:$A$722,"<="&77233350599) -> 0 | AY8: =COUNTIFS(Данные!$B$2:$B$722,9,Данные!$C$2:$C$722,0,Данные!$A$2:$A$722,">="&77233351000,Данные!$A$2:$A$722,"<="&77233351999) -> 0 | AZ8: =COUNTIFS(Данные!$B$2:$B$722,9,Данные!$C$2:$C$722,0,Данные!$A$2:$A$722,">="&7722440000,Данные!$A$2:$A$722,"<="&7722440999) -> 0 | BA8: =COUNTIFS(Данные!$B$2:$B$722,9,Данные!$C$2:$C$722,0,Данные!$A$2:$A$722,">="&7722442000,Данные!$A$2:$A$722,"<="&7722445659) -> 0 | BB8: =COUNTIFS(Данные!$B$2:$B$722,9,Данные!$C$2:$C$722,0,Данные!$A$2:$A$722,">="&7722450000,Данные!$A$2:$A$722,"<="&7722450199) -> 0 | BC8: =COUNTIFS(Данные!$B$2:$B$722,9,Данные!$C$2:$C$722,0,Данные!$A$2:$A$722,">="&7722451000,Данные!$A$2:$A$722,"<="&7722451374) -> 0 | BD8: =COUNTIFS(Данные!$B$2:$B$722,9,Данные!$C$2:$C$722,0,Данные!$A$2:$A$722,">="&7722452000,Данные!$A$2:$A$722,"<="&7722452299) -> 0 | BE8: =COUNTIFS(Данные!$B$2:$B$722,9,Данные!$C$2:$C$722,0,Данные!$A$2:$A$722,">="&7722453000,Данные!$A$2:$A$722,"<="&7722453816) -> 0 | BF8: =COUNTIFS(Данные!$B$2:$B$722,9,Данные!$C$2:$C$722,0,Данные!$A$2:$A$722,">="&7722454000,Данные!$A$2:$A$722,"<="&7722454099) -> 0 | BG8: =COUNTIFS(Данные!$B$2:$B$722,9,Данные!$C$2:$C$722,0,Данные!$A$2:$A$722,">="&7722458000,Данные!$A$2:$A$722,"<="&7722458999) -> 0 | BH8: =COUNTIFS(Данные!$B$2:$B$722,9,Данные!$C$2:$C$722,0,Данные!$A$2:$A$722,">="&7722630000,Данные!$A$2:$A$722,"<="&7722638549) -> 0 | BI8: =COUNTIFS(Данные!$B$2:$B$722,9,Данные!$C$2:$C$722,0,Данные!$A$2:$A$722,">="&7722639400,Данные!$A$2:$A$722,"<="&7722639899) -> 0 | BJ8: =COUNTIFS(Данные!$B$2:$B$722,9,Данные!$C$2:$C$722,0,Данные!$A$2:$A$722,">="&7725750000,Данные!$A$2:$A$722,"<="&7725750399) -> 0 | BK8: =COUNTIFS(Данные!$B$2:$B$722,9,Данные!$C$2:$C$722,0,Данные!$A$2:$A$722,">="&7723620000,Данные!$A$2:$A$722,"<="&7723621299) -> 0 | BL8: =COUNTIFS(Данные!$B$2:$B$722,9,Данные!$C$2:$C$722,0,Данные!$A$2:$A$722,">="&7723621600,Данные!$A$2:$A$722,"<="&7723623399) -> 0 | BM8: =COUNTIFS(Данные!$B$2:$B$722,9,Данные!$C$2:$C$722,0,Данные!$A$2:$A$722,">="&7725127000,Данные!$A$2:$A$722,"<="&7725127999) -> 0 | BN8: =COUNTIFS(Данные!$B$2:$B$722,9,Данные!$C$2:$C$722,0,Данные!$A$2:$A$722,">="&7723772000,Данные!$A$2:$A$722,"<="&7723724999) -> 0 | BO8: =COUNTIFS(Данные!$B$2:$B$722,9,Данные!$C$2:$C$722,0,Данные!$A$2:$A$722,">="&7723765000,Данные!$A$2:$A$722,"<="&7723765499) -> 0 | BP8: =COUNTIFS(Данные!$B$2:$B$722,9,Данные!$C$2:$C$722,0,Данные!$A$2:$A$722,">="&7723948000,Данные!$A$2:$A$722,"<="&7723948999) -> 0 | BQ8: =COUNTIFS(Данные!$B$2:$B$722,9,Данные!$C$2:$C$722,0,Данные!$A$2:$A$722,">="&7723950000,Данные!$A$2:$A$722,"<="&7723951099) -> 0 | BR8: =COUNTIFS(Данные!$B$2:$B$722,9,Данные!$C$2:$C$722,0,Данные!$A$2:$A$722,">="&7723020000,Данные!$A$2:$A$722,"<="&7723020999) -> 0 | BS8: =COUNTIFS(Данные!$B$2:$B$722,9,Данные!$C$2:$C$722,0,Данные!$A$2:$A$722,">="&7723029000,Данные!$A$2:$A$722,"<="&7723029999) -> 0 | BT8: =COUNTIFS(Данные!$B$2:$B$722,9,Данные!$C$2:$C$722,0,Данные!$A$2:$A$722,">="&7723055000,Данные!$A$2:$A$722,"<="&7723056549) -> 0 | BU8: =COUNTIFS(Данные!$B$2:$B$722,9,Данные!$C$2:$C$722,0,Данные!$A$2:$A$722,">="&7725250000,Данные!$A$2:$A$722,"<="&7725250499) -> 0 | BV8: =COUNTIFS(Данные!$B$2:$B$722,9,Данные!$C$2:$C$722,0,Данные!$A$2:$A$722,">="&7183841400,Данные!$A$2:$A$722,"<="&7183841499) -> 0 | BW8: 300 | BX8: =F8-BW8 -> -300
C9: 1 | D9: 91 | F9: =COUNTIFS(Данные!$B$2:$B$722,9,Данные!$C$2:$C$722,1) -> 64 | G9: =COUNTIFS(Данные!$B$2:$B$722,9,Данные!$C$2:$C$722,1,Данные!$A$2:$A$722,">="&77232210840,Данные!$A$2:$A$722,"<="&77232216999) -> 0 | H9: =COUNTIFS(Данные!$B$2:$B$722,9,Данные!$C$2:$C$722,1,Данные!$A$2:$A$722,">="&77232510512,Данные!$A$2:$A$722,"<="&77232519487) -> 0 | I9: =COUNTIFS(Данные!$B$2:$B$722,9,Данные!$C$2:$C$722,1,Данные!$A$2:$A$722,">="&77232524160,Данные!$A$2:$A$722,"<="&77232529999) -> 0 | J9: =COUNTIFS(Данные!$B$2:$B$722,9,Данные!$C$2:$C$722,1,Данные!$A$2:$A$722,">="&77232544000,Данные!$A$2:$A$722,"<="&77232544999) -> 0 | K9: =COUNTIFS(Данные!$B$2:$B$722,9,Данные!$C$2:$C$722,1,Данные!$A$2:$A$722,">="&77232295504,Данные!$A$2:$A$722,"<="&77232296999) -> 0 | L9: =COUNTIFS(Данные!$B$2:$B$722,9,Данные!$C$2:$C$722,1,Данные!$A$2:$A$722,">="&77232785000,Данные!$A$2:$A$722,"<="&77232789999) -> 0 | M9: =COUNTIFS(Данные!$B$2:$B$722,9,Данные!$C$2:$C$722,1,Данные!$A$2:$A$722,">="&77233150000,Данные!$A$2:$A$722,"<="&77233155999) -> 0 | N9: =COUNTIFS(Данные!$B$2:$B$722,9,Данные!$C$2:$C$722,1,Данные!$A$2:$A$722,">="&77233235000,Данные!$A$2:$A$722,"<="&77233235999) -> 0 | O9: =COUNTIFS(Данные!$B$2:$B$722,9,Данные!$C$2:$C$722,1,Данные!$A$2:$A$722,">="&77233239000,Данные!$A$2:$A$722,"<="&77233239999) -> 0 | P9: =COUNTIFS(Данные!$B$2:$B$722,9,Данные!$C$2:$C$722,1,Данные!$A$2:$A$722,">="&77233272000,Данные!$A$2:$A$722,"<="&77233272999) -> 0 | Q9: =COUNTIFS(Данные!$B$2:$B$722,9,Данные!$C$2:$C$722,1,Данные!$A$2:$A$722,">="&77233291100,Данные!$A$2:$A$722,"<="&77233292999) -> 0 | R9: =COUNTIFS(Данные!$B$2:$B$722,9,Данные!$C$2:$C$722,1,Данные!$A$2:$A$722,">="&77233297000,Данные!$A$2:$A$722,"<="&77233298399) -> 0 | S9: =COUNTIFS(Данные!$B$2:$B$722,9,Данные!$C$2:$C$722,1,Данные!$A$2:$A$722,">="&77235124000,Данные!$A$2:$A$722,"<="&77235128499) -> 0 | T9: =COUNTIFS(Данные!$B$2:$B$722,9,Данные!$C$2:$C$722,1,Данные!$A$2:$A$722,">="&77235320000,Данные!$A$2:$A$722,"<="&77235320999) -> 62 | U9: =COUNTIFS(Данные!$B$2:$B$722,9,Данные!$C$2:$C$722,1,Данные!$A$2:$A$722,">="&77233620000,Данные!$A$2:$A$722,"<="&77233623339) -> 0 | V9: =COUNTIFS(Данные!$B$2:$B$722,9,Данные!$C$2:$C$722,1,Данные!$A$2:$A$722,">="&77233630000,Данные!$A$2:$A$722,"<="&77233630999) -> 0 | W9: =COUNTIFS(Данные!$B$2:$B$722,9,Данные!$C$2:$C$722,1,Данные!$A$2:$A$722,">="&77233637000,Данные!$A$2:$A$722,"<="&77233637599) -> 0 | X9: =COUNTIFS(Данные!$B$2:$B$722,9,Данные!$C$2:$C$722,1,Данные!$A$2:$A$722,">="&77233550000,Данные!$A$2:$A$722,"<="&77233550999) -> 0 | Y9: =COUNTIFS(Данные!$B$2:$B$722,9,Данные!$C$2:$C$722,1,Данные!$A$2:$A$722,">="&77233554000,Данные!$A$2:$A$722,"<="&77233554999) -> 0 | Z9: =COUNTIFS(Данные!$B$2:$B$722,9,Данные!$C$2:$C$722,1,Данные!$A$2:$A$722,">="&77233555000,Данные!$A$2:$A$722,"<="&77233556999) -> 0 | AA9: =COUNTIFS(Данные!$B$2:$B$722,9,Данные!$C$2:$C$722,1,Данные!$A$2:$A$722,">="&77233726000,Данные!$A$2:$A$722,"<="&77233726999) -> 0 | AB9: =COUNTIFS(Данные!$B$2:$B$722,9,Данные!$C$2:$C$722,1,Данные!$A$2:$A$722,">="&77233820000,Данные!$A$2:$A$722,"<="&77233820999) -> 0 | AC9: =COUNTIFS(Данные!$B$2:$B$722,9,Данные!$C$2:$C$722,1,Данные!$A$2:$A$722,">="&77233850000,Данные!$A$2:$A$722,"<="&77233850999) -> 0 | AD9: =COUNTIFS(Данные!$B$2:$B$722,9,Данные!$C$2:$C$722,1,Данные!$A$2:$A$722,">="&77233420000,Данные!$A$2:$A$722,"<="&77233420999) -> 0 | AE9: =COUNTIFS(Данные!$B$2:$B$722,9,Данные!$C$2:$C$722,1,Данные!$A$2:$A$722,">="&77234740000,Данные!$A$2:$A$722,"<="&77234742999) -> 0 | AF9: =COUNTIFS(Данные!$B$2:$B$722,9,Данные!$C$2:$C$722,1,Данные!$A$2:$A$722,">="&77234767000,Данные!$A$2:$A$722,"<="&77234767999) -> 0 | AG9: =COUNTIFS(Данные!$B$2:$B$722,9,Данные!$C$2:$C$722,1,Данные!$A$2:$A$722,">="&77234120000,Данные!$A$2:$A$722,"<="&77234120999) -> 0 | AH9: =COUNTIFS(Данные!$B$2:$B$722,9,Данные!$C$2:$C$722,1,Данные!$A$2:$A$722,">="&77234127000,Данные!$A$2:$A$722,"<="&77234127999) -> 0 | AI9: =COUNTIFS(Данные!$B$2:$B$722,9,Данные!$C$2:$C$722,1,Данные!$A$2:$A$722,">="&77234220000,Данные!$A$2:$A$722,"<="&77234220999) -> 0 | AJ9: =COUNTIFS(Данные!$B$2:$B$722,9,Данные!$C$2:$C$722,1,Данные!$A$2:$A$722,">="&77234250000,Данные!$A$2:$A$722,"<="&77234250999) -> 0 | AK9: =COUNTIFS(Данные!$B$2:$B$722,9,Данные!$C$2:$C$722,1,Данные!$A$2:$A$722,">="&77233922950,Данные!$A$2:$A$722,"<="&77233924999) -> 0 | AL9: =COUNTIFS(Данные!$B$2:$B$722,9,Данные!$C$2:$C$722,1,Данные!$A$2:$A$722,">="&77234320000,Данные!$A$2:$A$722,"<="&77234320999) -> 0 | AM9: =COUNTIFS(Данные!$B$2:$B$722,9,Данные!$C$2:$C$722,1,Данные!$A$2:$A$722,">="&77234350000,Данные!$A$2:$A$722,"<="&77234350999) -> 0 | AN9: =COUNTIFS(Данные!$B$2:$B$722,9,Данные!$C$2:$C$722,1,Данные!$A$2:$A$722,">="&77234020000,Данные!$A$2:$A$722,"<="&77234020999) -> 0 | AO9: =COUNTIFS(Данные!$B$2:$B$722,9,Данные!$C$2:$C$722,1,Данные!$A$2:$A$722,">="&77234029000,Данные!$A$2:$A$722,"<="&77234029999) -> 0 | AP9: =COUNTIFS(Данные!$B$2:$B$722,9,Данные!$C$2:$C$722,1,Данные!$A$2:$A$722,">="&77234050000,Данные!$A$2:$A$722,"<="&77234050999) -> 0 | AQ9: =COUNTIFS(Данные!$B$2:$B$722,9,Данные!$C$2:$C$722,1,Данные!$A$2:$A$722,">="&77234427000,Данные!$A$2:$A$722,"<="&77234428999) -> 0 | AR9: =COUNTIFS(Данные!$B$2:$B$722,9,Данные!$C$2:$C$722,1,Данные!$A$2:$A$722,">="&77234450000,Данные!$A$2:$A$722,"<="&77234450999) -> 0 | AS9: =COUNTIFS(Данные!$B$2:$B$722,9,Данные!$C$2:$C$722,1,Данные!$A$2:$A$722,">="&77234620000,Данные!$A$2:$A$722,"<="&77234620999) -> 0 | AT9: =COUNTIFS(Данные!$B$2:$B$722,9,Данные!$C$2:$C$722,1,Данные!$A$2:$A$722,">="&77234650000,Данные!$A$2:$A$722,"<="&77234650999) -> 0 | AU9: =COUNTIFS(Данные!$B$2:$B$722,9,Данные!$C$2:$C$722,1,Данные!$A$2:$A$722,">="&77234820000,Данные!$A$2:$A$722,"<="&77234820999) -> 0 | AV9: =COUNTIFS(Данные!$B$2:$B$722,9,Данные!$C$2:$C$722,1,Данные!$A$2:$A$722,">="&77234850000,Данные!$A$2:$A$722,"<="&77234850999) -> 0 | AW9: =COUNTIFS(Данные!$B$2:$B$722,9,Данные!$C$2:$C$722,1,Данные!$A$2:$A$722,">="&77233327000,Данные!$A$2:$A$722,"<="&77233327999) -> 0 | AX9: =COUNTIFS(Данные!$B$2:$B$722,9,Данные!$C$2:$C$722,1,Данные!$A$2:$A$722,">="&77233350000,Данные!$A$2:$A$722,"<="&77233350599) -> 0 | AY9: =COUNTIFS(Данные!$B$2:$B$722,9,Данные!$C$2:$C$722,1,Данные!$A$2:$A$722,">="&77233351000,Данные!$A$2:$A$722,"<="&77233351999) -> 0 | AZ9: =COUNTIFS(Данные!$B$2:$B$722,9,Данные!$C$2:$C$722,1,Данные!$A$2:$A$722,">="&7722440000,Данные!$A$2:$A$722,"<="&7722440999) -> 0 | BA9: =COUNTIFS(Данные!$B$2:$B$722,9,Данные!$C$2:$C$722,1,Данные!$A$2:$A$722,">="&7722442000,Данные!$A$2:$A$722,"<="&7722445659) -> 0 | BB9: =COUNTIFS(Данные!$B$2:$B$722,9,Данные!$C$2:$C$722,1,Данные!$A$2:$A$722,">="&7722450000,Данные!$A$2:$A$722,"<="&7722450199) -> 0 | BC9: =COUNTIFS(Данные!$B$2:$B$722,9,Данные!$C$2:$C$722,1,Данные!$A$2:$A$722,">="&7722451000,Данные!$A$2:$A$722,"<="&7722451374) -> 0 | BD9: =COUNTIFS(Данные!$B$2:$B$722,9,Данные!$C$2:$C$722,1,Данные!$A$2:$A$722,">="&7722452000,Данные!$A$2:$A$722,"<="&7722452299) -> 0 | BE9: =COUNTIFS(Данные!$B$2:$B$722,9,Данные!$C$2:$C$722,1,Данные!$A$2:$A$722,">="&7722453000,Данные!$A$2:$A$722,"<="&7722453816) -> 0 | BF9: =COUNTIFS(Данные!$B$2:$B$722,9,Данные!$C$2:$C$722,1,Данные!$A$2:$A$722,">="&7722454000,Данные!$A$2:$A$722,"<="&7722454099) -> 0 | BG9: =COUNTIFS(Данные!$B$2:$B$722,9,Данные!$C$2:$C$722,1,Данные!$A$2:$A$722,">="&7722458000,Данные!$A$2:$A$722,"<="&7722458999) -> 0 | BH9: =COUNTIFS(Данные!$B$2:$B$722,9,Данные!$C$2:$C$722,1,Данные!$A$2:$A$722,">="&7722630000,Данные!$A$2:$A$722,"<="&7722638549) -> 0 | BI9: =COUNTIFS(Данные!$B$2:$B$722,9,Данные!$C$2:$C$722,1,Данные!$A$2:$A$722,">="&7722639400,Данные!$A$2:$A$722,"<="&7722639899) -> 0 | BJ9: =COUNTIFS(Данные!$B$2:$B$722,9,Данные!$C$2:$C$722,1,Данные!$A$2:$A$722,">="&7725750000,Данные!$A$2:$A$722,"<="&7725750399) -> 0 | BK9: =COUNTIFS(Данные!$B$2:$B$722,9,Данные!$C$2:$C$722,1,Данные!$A$2:$A$722,">="&7723620000,Данные!$A$2:$A$722,"<="&7723621299) -> 0 | BL9: =COUNTIFS(Данные!$B$2:$B$722,9,Данные!$C$2:$C$722,1,Данные!$A$2:$A$722,">="&7723621600,Данные!$A$2:$A$722,"<="&7723623399) -> 0 | BM9: =COUNTIFS(Данные!$B$2:$B$722,9,Данные!$C$2:$C$722,1,Данные!$A$2:$A$722,">="&7725127000,Данные!$A$2:$A$722,"<="&7725127999) -> 0 | BN9: =COUNTIFS(Данные!$B$2:$B$722,9,Данные!$C$2:$C$722,1,Данные!$A$2:$A$722,">="&7723772000,Данные!$A$2:$A$722,"<="&7723724999) -> 0 | BO9: =COUNTIFS(Данные!$B$2:$B$722,9,Данные!$C$2:$C$722,1,Данные!$A$2:$A$722,">="&7723765000,Данные!$A$2:$A$722,"<="&7723765499) -> 0 | BP9: =COUNTIFS(Данные!$B$2:$B$722,9,Данные!$C$2:$C$722,1,Данные!$A$2:$A$722,">="&7723948000,Данные!$A$2:$A$722,"<="&7723948999) -> 0 | BQ9: =COUNTIFS(Данные!$B$2:$B$722,9,Данные!$C$2:$C$722,1,Данные!$A$2:$A$722,">="&7723950000,Данные!$A$2:$A$722,"<="&7723951099) -> 0 | BR9: =COUNTIFS(Данные!$B$2:$B$722,9,Данные!$C$2:$C$722,1,Данные!$A$2:$A$722,">="&7723020000,Данные!$A$2:$A$722,"<="&7723020999) -> 0 | BS9: =COUNTIFS(Данные!$B$2:$B$722,9,Данные!$C$2:$C$722,1,Данные!$A$2:$A$722,">="&7723029000,Данные!$A$2:$A$722,"<="&7723029999) -> 0 | BT9: =COUNTIFS(Данные!$B$2:$B$722,9,Данные!$C$2:$C$722,1,Данные!$A$2:$A$722,">="&7723055000,Данные!$A$2:$A$722,"<="&7723056549) -> 0 | BU9: =COUNTIFS(Данные!$B$2:$B$722,9,Данные!$C$2:$C$722,1,Данные!$A$2:$A$722,">="&7725250000,Данные!$A$2:$A$722,"<="&7725250499) -> 0 | BV9: =COUNTIFS(Данные!$B$2:$B$722,9,Данные!$C$2:$C$722,1,Данные!$A$2:$A$722,">="&7183841400,Данные!$A$2:$A$722,"<="&7183841499) -> 0 | BW9: 300 | BX9: =F9-BW9 -> -236
C10: 2 | D10: 92 | F10: =COUNTIFS(Данные!$B$2:$B$722,9,Данные!$C$2:$C$722,2) -> 0 | G10: =COUNTIFS(Данные!$B$2:$B$722,9,Данные!$C$2:$C$722,2,Данные!$A$2:$A$722,">="&77232210840,Данные!$A$2:$A$722,"<="&77232216999) -> 0 | H10: =COUNTIFS(Данные!$B$2:$B$722,9,Данные!$C$2:$C$722,2,Данные!$A$2:$A$722,">="&77232510512,Данные!$A$2:$A$722,"<="&77232519487) -> 0 | I10: =COUNTIFS(Данные!$B$2:$B$722,9,Данные!$C$2:$C$722,2,Данные!$A$2:$A$722,">="&77232524160,Данные!$A$2:$A$722,"<="&77232529999) -> 0 | J10: =COUNTIFS(Данные!$B$2:$B$722,9,Данные!$C$2:$C$722,2,Данные!$A$2:$A$722,">="&77232544000,Данные!$A$2:$A$722,"<="&77232544999) -> 0 | K10: =COUNTIFS(Данные!$B$2:$B$722,9,Данные!$C$2:$C$722,2,Данные!$A$2:$A$722,">="&77232295504,Данные!$A$2:$A$722,"<="&77232296999) -> 0 | L10: =COUNTIFS(Данные!$B$2:$B$722,9,Данные!$C$2:$C$722,2,Данные!$A$2:$A$722,">="&77232785000,Данные!$A$2:$A$722,"<="&77232789999) -> 0 | M10: =COUNTIFS(Данные!$B$2:$B$722,9,Данные!$C$2:$C$722,2,Данные!$A$2:$A$722,">="&77233150000,Данные!$A$2:$A$722,"<="&77233155999) -> 0 | N10: =COUNTIFS(Данные!$B$2:$B$722,9,Данные!$C$2:$C$722,2,Данные!$A$2:$A$722,">="&77233235000,Данные!$A$2:$A$722,"<="&77233235999) -> 0 | O10: =COUNTIFS(Данные!$B$2:$B$722,9,Данные!$C$2:$C$722,2,Данные!$A$2:$A$722,">="&77233239000,Данные!$A$2:$A$722,"<="&77233239999) -> 0 | P10: =COUNTIFS(Данные!$B$2:$B$722,9,Данные!$C$2:$C$722,2,Данные!$A$2:$A$722,">="&77233272000,Данные!$A$2:$A$722,"<="&77233272999) -> 0 | Q10: =COUNTIFS(Данные!$B$2:$B$722,9,Данные!$C$2:$C$722,2,Данные!$A$2:$A$722,">="&77233291100,Данные!$A$2:$A$722,"<="&77233292999) -> 0 | R10: =COUNTIFS(Данные!$B$2:$B$722,9,Данные!$C$2:$C$722,2,Данные!$A$2:$A$722,">="&77233297000,Данные!$A$2:$A$722,"<="&77233298399) -> 0 | S10: =COUNTIFS(Данные!$B$2:$B$722,9,Данные!$C$2:$C$722,2,Данные!$A$2:$A$722,">="&77235124000,Данные!$A$2:$A$722,"<="&77235128499) -> 0 | T10: =COUNTIFS(Данные!$B$2:$B$722,9,Данные!$C$2:$C$722,2,Данные!$A$2:$A$722,">="&77235320000,Данные!$A$2:$A$722,"<="&77235320999) -> 0 | U10: =COUNTIFS(Данные!$B$2:$B$722,9,Данные!$C$2:$C$722,2,Данные!$A$2:$A$722,">="&77233620000,Данные!$A$2:$A$722,"<="&77233623339) -> 0 | V10: =COUNTIFS(Данные!$B$2:$B$722,9,Данные!$C$2:$C$722,2,Данные!$A$2:$A$722,">="&77233630000,Данные!$A$2:$A$722,"<="&77233630999) -> 0 | W10: =COUNTIFS(Данные!$B$2:$B$722,9,Данные!$C$2:$C$722,2,Данные!$A$2:$A$722,">="&77233637000,Данные!$A$2:$A$722,"<="&77233637599) -> 0 | X10: =COUNTIFS(Данные!$B$2:$B$722,9,Данные!$C$2:$C$722,2,Данные!$A$2:$A$722,">="&77233550000,Данные!$A$2:$A$722,"<="&77233550999) -> 0 | Y10: =COUNTIFS(Данные!$B$2:$B$722,9,Данные!$C$2:$C$722,2,Данные!$A$2:$A$722,">="&77233554000,Данные!$A$2:$A$722,"<="&77233554999) -> 0 | Z10: =COUNTIFS(Данные!$B$2:$B$722,9,Данные!$C$2:$C$722,2,Данные!$A$2:$A$722,">="&77233555000,Данные!$A$2:$A$722,"<="&77233556999) -> 0 | AA10: =COUNTIFS(Данные!$B$2:$B$722,9,Данные!$C$2:$C$722,2,Данные!$A$2:$A$722,">="&77233726000,Данные!$A$2:$A$722,"<="&77233726999) -> 0 | AB10: =COUNTIFS(Данные!$B$2:$B$722,9,Данные!$C$2:$C$722,2,Данные!$A$2:$A$722,">="&77233820000,Данные!$A$2:$A$722,"<="&77233820999) -> 0 | AC10: =COUNTIFS(Данные!$B$2:$B$722,9,Данные!$C$2:$C$722,2,Данные!$A$2:$A$722,">="&77233850000,Данные!$A$2:$A$722,"<="&77233850999) -> 0 | AD10: =COUNTIFS(Данные!$B$2:$B$722,9,Данные!$C$2:$C$722,2,Данные!$A$2:$A$722,">="&77233420000,Данные!$A$2:$A$722,"<="&77233420999) -> 0 | AE10: =COUNTIFS(Данные!$B$2:$B$722,9,Данные!$C$2:$C$722,2,Данные!$A$2:$A$722,">="&77234740000,Данные!$A$2:$A$722,"<="&77234742999) -> 0 | AF10: =COUNTIFS(Данные!$B$2:$B$722,9,Данные!$C$2:$C$722,2,Данные!$A$2:$A$722,">="&77234767000,Данные!$A$2:$A$722,"<="&77234767999) -> 0 | AG10: =COUNTIFS(Данные!$B$2:$B$722,9,Данные!$C$2:$C$722,2,Данные!$A$2:$A$722,">="&77234120000,Данные!$A$2:$A$722,"<="&77234120999) -> 0 | AH10: =COUNTIFS(Данные!$B$2:$B$722,9,Данные!$C$2:$C$722,2,Данные!$A$2:$A$722,">="&77234127000,Данные!$A$2:$A$722,"<="&77234127999) -> 0 | AI10: =COUNTIFS(Данные!$B$2:$B$722,9,Данные!$C$2:$C$722,2,Данные!$A$2:$A$722,">="&77234220000,Данные!$A$2:$A$722,"<="&77234220999) -> 0 | AJ10: =COUNTIFS(Данные!$B$2:$B$722,9,Данные!$C$2:$C$722,2,Данные!$A$2:$A$722,">="&77234250000,Данные!$A$2:$A$722,"<="&77234250999) -> 0 | AK10: =COUNTIFS(Данные!$B$2:$B$722,9,Данные!$C$2:$C$722,2,Данные!$A$2:$A$722,">="&77233922950,Данные!$A$2:$A$722,"<="&77233924999) -> 0 | AL10: =COUNTIFS(Данные!$B$2:$B$722,9,Данные!$C$2:$C$722,2,Данные!$A$2:$A$722,">="&77234320000,Данные!$A$2:$A$722,"<="&77234320999) -> 0 | AM10: =COUNTIFS(Данные!$B$2:$B$722,9,Данные!$C$2:$C$722,2,Данные!$A$2:$A$722,">="&77234350000,Данные!$A$2:$A$722,"<="&77234350999) -> 0 | AN10: =COUNTIFS(Данные!$B$2:$B$722,9,Данные!$C$2:$C$722,2,Данные!$A$2:$A$722,">="&77234020000,Данные!$A$2:$A$722,"<="&77234020999) -> 0 | AO10: =COUNTIFS(Данные!$B$2:$B$722,9,Данные!$C$2:$C$722,2,Данные!$A$2:$A$722,">="&77234029000,Данные!$A$2:$A$722,"<="&77234029999) -> 0 | AP10: =COUNTIFS(Данные!$B$2:$B$722,9,Данные!$C$2:$C$722,2,Данные!$A$2:$A$722,">="&77234050000,Данные!$A$2:$A$722,"<="&77234050999) -> 0 | AQ10: =COUNTIFS(Данные!$B$2:$B$722,9,Данные!$C$2:$C$722,2,Данные!$A$2:$A$722,">="&77234427000,Данные!$A$2:$A$722,"<="&77234428999) -> 0 | AR10: =COUNTIFS(Данные!$B$2:$B$722,9,Данные!$C$2:$C$722,2,Данные!$A$2:$A$722,">="&77234450000,Данные!$A$2:$A$722,"<="&77234450999) -> 0 | AS10: =COUNTIFS(Данные!$B$2:$B$722,9,Данные!$C$2:$C$722,2,Данные!$A$2:$A$722,">="&77234620000,Данные!$A$2:$A$722,"<="&77234620999) -> 0 | AT10: =COUNTIFS(Данные!$B$2:$B$722,9,Данные!$C$2:$C$722,2,Данные!$A$2:$A$722,">="&77234650000,Данные!$A$2:$A$722,"<="&77234650999) -> 0 | AU10: =COUNTIFS(Данные!$B$2:$B$722,9,Данные!$C$2:$C$722,2,Данные!$A$2:$A$722,">="&77234820000,Данные!$A$2:$A$722,"<="&77234820999) -> 0 | AV10: =COUNTIFS(Данные!$B$2:$B$722,9,Данные!$C$2:$C$722,2,Данные!$A$2:$A$722,">="&77234850000,Данные!$A$2:$A$722,"<="&77234850999) -> 0 | AW10: =COUNTIFS(Данные!$B$2:$B$722,9,Данные!$C$2:$C$722,2,Данные!$A$2:$A$722,">="&77233327000,Данные!$A$2:$A$722,"<="&77233327999) -> 0 | AX10: =COUNTIFS(Данные!$B$2:$B$722,9,Данные!$C$2:$C$722,2,Данные!$A$2:$A$722,">="&77233350000,Данные!$A$2:$A$722,"<="&77233350599) -> 0 | AY10: =COUNTIFS(Данные!$B$2:$B$722,9,Данные!$C$2:$C$722,2,Данные!$A$2:$A$722,">="&77233351000,Данные!$A$2:$A$722,"<="&77233351999) -> 0 | AZ10: =COUNTIFS(Данные!$B$2:$B$722,9,Данные!$C$2:$C$722,2,Данные!$A$2:$A$722,">="&7722440000,Данные!$A$2:$A$722,"<="&7722440999) -> 0 | BA10: =COUNTIFS(Данные!$B$2:$B$722,9,Данные!$C$2:$C$722,2,Данные!$A$2:$A$722,">="&7722442000,Данные!$A$2:$A$722,"<="&7722445659) -> 0 | BB10: =COUNTIFS(Данные!$B$2:$B$722,9,Данные!$C$2:$C$722,2,Данные!$A$2:$A$722,">="&7722450000,Данные!$A$2:$A$722,"<="&7722450199) -> 0 | BC10: =COUNTIFS(Данные!$B$2:$B$722,9,Данные!$C$2:$C$722,2,Данные!$A$2:$A$722,">="&7722451000,Данные!$A$2:$A$722,"<="&7722451374) -> 0 | BD10: =COUNTIFS(Данные!$B$2:$B$722,9,Данные!$C$2:$C$722,2,Данные!$A$2:$A$722,">="&7722452000,Данные!$A$2:$A$722,"<="&7722452299) -> 0 | BE10: =COUNTIFS(Данные!$B$2:$B$722,9,Данные!$C$2:$C$722,2,Данные!$A$2:$A$722,">="&7722453000,Данные!$A$2:$A$722,"<="&7722453816) -> 0 | BF10: =COUNTIFS(Данные!$B$2:$B$722,9,Данные!$C$2:$C$722,2,Данные!$A$2:$A$722,">="&7722454000,Данные!$A$2:$A$722,"<="&7722454099) -> 0 | BG10: =COUNTIFS(Данные!$B$2:$B$722,9,Данные!$C$2:$C$722,2,Данные!$A$2:$A$722,">="&7722458000,Данные!$A$2:$A$722,"<="&7722458999) -> 0 | BH10: =COUNTIFS(Данные!$B$2:$B$722,9,Данные!$C$2:$C$722,2,Данные!$A$2:$A$722,">="&7722630000,Данные!$A$2:$A$722,"<="&7722638549) -> 0 | BI10: =COUNTIFS(Данные!$B$2:$B$722,9,Данные!$C$2:$C$722,2,Данные!$A$2:$A$722,">="&7722639400,Данные!$A$2:$A$722,"<="&7722639899) -> 0 | BJ10: =COUNTIFS(Данные!$B$2:$B$722,9,Данные!$C$2:$C$722,2,Данные!$A$2:$A$722,">="&7725750000,Данные!$A$2:$A$722,"<="&7725750399) -> 0 | BK10: =COUNTIFS(Данные!$B$2:$B$722,9,Данные!$C$2:$C$722,2,Данные!$A$2:$A$722,">="&7723620000,Данные!$A$2:$A$722,"<="&7723621299) -> 0 | BL10: =COUNTIFS(Данные!$B$2:$B$722,9,Данные!$C$2:$C$722,2,Данные!$A$2:$A$722,">="&7723621600,Данные!$A$2:$A$722,"<="&7723623399) -> 0 | BM10: =COUNTIFS(Данные!$B$2:$B$722,9,Данные!$C$2:$C$722,2,Данные!$A$2:$A$722,">="&7725127000,Данные!$A$2:$A$722,"<="&7725127999) -> 0 | BN10: =COUNTIFS(Данные!$B$2:$B$722,9,Данные!$C$2:$C$722,2,Данные!$A$2:$A$722,">="&7723772000,Данные!$A$2:$A$722,"<="&7723724999) -> 0 | BO10: =COUNTIFS(Данные!$B$2:$B$722,9,Данные!$C$2:$C$722,2,Данные!$A$2:$A$722,">="&7723765000,Данные!$A$2:$A$722,"<="&7723765499) -> 0 | BP10: =COUNTIFS(Данные!$B$2:$B$722,9,Данные!$C$2:$C$722,2,Данные!$A$2:$A$722,">="&7723948000,Данные!$A$2:$A$722,"<="&7723948999) -> 0 | BQ10: =COUNTIFS(Данные!$B$2:$B$722,9,Данные!$C$2:$C$722,2,Данные!$A$2:$A$722,">="&7723950000,Данные!$A$2:$A$722,"<="&7723951099) -> 0 | BR10: =COUNTIFS(Данные!$B$2:$B$722,9,Данные!$C$2:$C$722,2,Данные!$A$2:$A$722,">="&7723020000,Данные!$A$2:$A$722,"<="&7723020999) -> 0 | BS10: =COUNTIFS(Данные!$B$2:$B$722,9,Данные!$C$2:$C$722,2,Данные!$A$2:$A$722,">="&7723029000,Данные!$A$2:$A$722,"<="&7723029999) -> 0 | BT10: =COUNTIFS(Данные!$B$2:$B$722,9,Данные!$C$2:$C$722,2,Данные!$A$2:$A$722,">="&7723055000,Данные!$A$2:$A$722,"<="&7723056549) -> 0 | BU10: =COUNTIFS(Данные!$B$2:$B$722,9,Данные!$C$2:$C$722,2,Данные!$A$2:$A$722,">="&7725250000,Данные!$A$2:$A$722,"<="&7725250499) -> 0 | BV10: =COUNTIFS(Данные!$B$2:$B$722,9,Данные!$C$2:$C$722,2,Данные!$A$2:$A$722,">="&7183841400,Данные!$A$2:$A$722,"<="&7183841499) -> 0 | BW10: 300 | BX10: =F10-BW10 -> -300
A11: 10 | B11: Секисовка | C11: 0 | D11: 100 | E11: =SUM(F11:F13) -> 2 | F11: =COUNTIFS(Данные!$B$2:$B$722,10,Данные!$C$2:$C$722,0) -> 0 | G11: =COUNTIFS(Данные!$B$2:$B$722,10,Данные!$C$2:$C$722,0,Данные!$A$2:$A$722,">="&77232210840,Данные!$A$2:$A$722,"<="&77232216999) -> 0 | H11: =COUNTIFS(Данные!$B$2:$B$722,10,Данные!$C$2:$C$722,0,Данные!$A$2:$A$722,">="&77232510512,Данные!$A$2:$A$722,"<="&77232519487) -> 0 | I11: =COUNTIFS(Данные!$B$2:$B$722,10,Данные!$C$2:$C$722,0,Данные!$A$2:$A$722,">="&77232524160,Данные!$A$2:$A$722,"<="&77232529999) -> 0 | J11: =COUNTIFS(Данные!$B$2:$B$722,10,Данные!$C$2:$C$722,0,Данные!$A$2:$A$722,">="&77232544000,Данные!$A$2:$A$722,"<="&77232544999) -> 0 | K11: =COUNTIFS(Данные!$B$2:$B$722,10,Данные!$C$2:$C$722,0,Данные!$A$2:$A$722,">="&77232295504,Данные!$A$2:$A$722,"<="&77232296999) -> 0 | L11: =COUNTIFS(Данные!$B$2:$B$722,10,Данные!$C$2:$C$722,0,Данные!$A$2:$A$722,">="&77232785000,Данные!$A$2:$A$722,"<="&77232789999) -> 0 | M11: =COUNTIFS(Данные!$B$2:$B$722,10,Данные!$C$2:$C$722,0,Данные!$A$2:$A$722,">="&77233150000,Данные!$A$2:$A$722,"<="&77233155999) -> 0 | N11: =COUNTIFS(Данные!$B$2:$B$722,10,Данные!$C$2:$C$722,0,Данные!$A$2:$A$722,">="&77233235000,Данные!$A$2:$A$722,"<="&77233235999) -> 0 | O11: =COUNTIFS(Данные!$B$2:$B$722,10,Данные!$C$2:$C$722,0,Данные!$A$2:$A$722,">="&77233239000,Данные!$A$2:$A$722,"<="&77233239999) -> 0 | P11: =COUNTIFS(Данные!$B$2:$B$722,10,Данные!$C$2:$C$722,0,Данные!$A$2:$A$722,">="&77233272000,Данные!$A$2:$A$722,"<="&77233272999) -> 0 | Q11: =COUNTIFS(Данные!$B$2:$B$722,10,Данные!$C$2:$C$722,0,Данные!$A$2:$A$722,">="&77233291100,Данные!$A$2:$A$722,"<="&77233292999) -> 0 | R11: =COUNTIFS(Данные!$B$2:$B$722,10,Данные!$C$2:$C$722,0,Данные!$A$2:$A$722,">="&77233297000,Данные!$A$2:$A$722,"<="&77233298399) -> 0 | S11: =COUNTIFS(Данные!$B$2:$B$722,10,Данные!$C$2:$C$722,0,Данные!$A$2:$A$722,">="&77235124000,Данные!$A$2:$A$722,"<="&77235128499) -> 0 | T11: =COUNTIFS(Данные!$B$2:$B$722,10,Данные!$C$2:$C$722,0,Данные!$A$2:$A$722,">="&77235320000,Данные!$A$2:$A$722,"<="&77235320999) -> 0 | U11: =COUNTIFS(Данные!$B$2:$B$722,10,Данные!$C$2:$C$722,0,Данные!$A$2:$A$722,">="&77233620000,Данные!$A$2:$A$722,"<="&77233623339) -> 0 | V11: =COUNTIFS(Данные!$B$2:$B$722,10,Данные!$C$2:$C$722,0,Данные!$A$2:$A$722,">="&77233630000,Данные!$A$2:$A$722,"<="&77233630999) -> 0 | W11: =COUNTIFS(Данные!$B$2:$B$722,10,Данные!$C$2:$C$722,0,Данные!$A$2:$A$722,">="&77233637000,Данные!$A$2:$A$722,"<="&77233637599) -> 0 | X11: =COUNTIFS(Данные!$B$2:$B$722,10,Данные!$C$2:$C$722,0,Данные!$A$2:$A$722,">="&77233550000,Данные!$A$2:$A$722,"<="&77233550999) -> 0 | Y11: =COUNTIFS(Данные!$B$2:$B$722,10,Данные!$C$2:$C$722,0,Данные!$A$2:$A$722,">="&77233554000,Данные!$A$2:$A$722,"<="&77233554999) -> 0 | Z11: =COUNTIFS(Данные!$B$2:$B$722,10,Данные!$C$2:$C$722,0,Данные!$A$2:$A$722,">="&77233555000,Данные!$A$2:$A$722,"<="&77233556999) -> 0 | AA11: =COUNTIFS(Данные!$B$2:$B$722,10,Данные!$C$2:$C$722,0,Данные!$A$2:$A$722,">="&77233726000,Данные!$A$2:$A$722,"<="&77233726999) -> 0 | AB11: =COUNTIFS(Данные!$B$2:$B$722,10,Данные!$C$2:$C$722,0,Данные!$A$2:$A$722,">="&77233820000,Данные!$A$2:$A$722,"<="&77233820999) -> 0 | AC11: =COUNTIFS(Данные!$B$2:$B$722,10,Данные!$C$2:$C$722,0,Данные!$A$2:$A$722,">="&77233850000,Данные!$A$2:$A$722,"<="&77233850999) -> 0 | AD11: =COUNTIFS(Данные!$B$2:$B$722,10,Данные!$C$2:$C$722,0,Данные!$A$2:$A$722,">="&77233420000,Данные!$A$2:$A$722,"<="&77233420999) -> 0 | AE11: =COUNTIFS(Данные!$B$2:$B$722,10,Данные!$C$2:$C$722,0,Данные!$A$2:$A$722,">="&77234740000,Данные!$A$2:$A$722,"<="&77234742999) -> 0 | AF11: =COUNTIFS(Данные!$B$2:$B$722,10,Данные!$C$2:$C$722,0,Данные!$A$2:$A$722,">="&77234767000,Данные!$A$2:$A$722,"<="&77234767999) -> 0 | AG11: =COUNTIFS(Данные!$B$2:$B$722,10,Данные!$C$2:$C$722,0,Данные!$A$2:$A$722,">="&77234120000,Данные!$A$2:$A$722,"<="&77234120999) -> 0 | AH11: =COUNTIFS(Данные!$B$2:$B$722,10,Данные!$C$2:$C$722,0,Данные!$A$2:$A$722,">="&77234127000,Данные!$A$2:$A$722,"<="&77234127999) -> 0 | AI11: =COUNTIFS(Данные!$B$2:$B$722,10,Данные!$C$2:$C$722,0,Данные!$A$2:$A$722,">="&77234220000,Данные!$A$2:$A$722,"<="&77234220999) -> 0 | AJ11: =COUNTIFS(Данные!$B$2:$B$722,10,Данные!$C$2:$C$722,0,Данные!$A$2:$A$722,">="&77234250000,Данные!$A$2:$A$722,"<="&77234250999) -> 0 | AK11: =COUNTIFS(Данные!$B$2:$B$722,10,Данные!$C$2:$C$722,0,Данные!$A$2:$A$722,">="&77233922950,Данные!$A$2:$A$722,"<="&77233924999) -> 0 | AL11: =COUNTIFS(Данные!$B$2:$B$722,10,Данные!$C$2:$C$722,0,Данные!$A$2:$A$722,">="&77234320000,Данные!$A$2:$A$722,"<="&77234320999) -> 0 | AM11: =COUNTIFS(Данные!$B$2:$B$722,10,Данные!$C$2:$C$722,0,Данные!$A$2:$A$722,">="&77234350000,Данные!$A$2:$A$722,"<="&77234350999) -> 0 | AN11: =COUNTIFS(Данные!$B$2:$B$722,10,Данные!$C$2:$C$722,0,Данные!$A$2:$A$722,">="&77234020000,Данные!$A$2:$A$722,"<="&77234020999) -> 0 | AO11: =COUNTIFS(Данные!$B$2:$B$722,10,Данные!$C$2:$C$722,0,Данные!$A$2:$A$722,">="&77234029000,Данные!$A$2:$A$722,"<="&77234029999) -> 0 | AP11: =COUNTIFS(Данные!$B$2:$B$722,10,Данные!$C$2:$C$722,0,Данные!$A$2:$A$722,">="&77234050000,Данные!$A$2:$A$722,"<="&77234050999) -> 0 | AQ11: =COUNTIFS(Данные!$B$2:$B$722,10,Данные!$C$2:$C$722,0,Данные!$A$2:$A$722,">="&77234427000,Данные!$A$2:$A$722,"<="&77234428999) -> 0 | AR11: =COUNTIFS(Данные!$B$2:$B$722,10,Данные!$C$2:$C$722,0,Данные!$A$2:$A$722,">="&77234450000,Данные!$A$2:$A$722,"<="&77234450999) -> 0 | AS11: =COUNTIFS(Данные!$B$2:$B$722,10,Данные!$C$2:$C$722,0,Данные!$A$2:$A$722,">="&77234620000,Данные!$A$2:$A$722,"<="&77234620999) -> 0 | AT11: =COUNTIFS(Данные!$B$2:$B$722,10,Данные!$C$2:$C$722,0,Данные!$A$2:$A$722,">="&77234650000,Данные!$A$2:$A$722,"<="&77234650999) -> 0 | AU11: =COUNTIFS(Данные!$B$2:$B$722,10,Данные!$C$2:$C$722,0,Данные!$A$2:$A$722,">="&77234820000,Данные!$A$2:$A$722,"<="&77234820999) -> 0 | AV11: =COUNTIFS(Данные!$B$2:$B$722,10,Данные!$C$2:$C$722,0,Данные!$A$2:$A$722,">="&77234850000,Данные!$A$2:$A$722,"<="&77234850999) -> 0 | AW11: =COUNTIFS(Данные!$B$2:$B$722,10,Данные!$C$2:$C$722,0,Данные!$A$2:$A$722,">="&77233327000,Данные!$A$2:$A$722,"<="&77233327999) -> 0 | AX11: =COUNTIFS(Данные!$B$2:$B$722,10,Данные!$C$2:$C$722,0,Данные!$A$2:$A$722,">="&77233350000,Данные!$A$2:$A$722,"<="&77233350599) -> 0 | AY11: =COUNTIFS(Данные!$B$2:$B$722,10,Данные!$C$2:$C$722,0,Данные!$A$2:$A$722,">="&77233351000,Данные!$A$2:$A$722,"<="&77233351999) -> 0 | AZ11: =COUNTIFS(Данные!$B$2:$B$722,10,Данные!$C$2:$C$722,0,Данные!$A$2:$A$722,">="&7722440000,Данные!$A$2:$A$722,"<="&7722440999) -> 0 | BA11: =COUNTIFS(Данные!$B$2:$B$722,10,Данные!$C$2:$C$722,0,Данные!$A$2:$A$722,">="&7722442000,Данные!$A$2:$A$722,"<="&7722445659) -> 0 | BB11: =COUNTIFS(Данные!$B$2:$B$722,10,Данные!$C$2:$C$722,0,Данные!$A$2:$A$722,">="&7722450000,Данные!$A$2:$A$722,"<="&7722450199) -> 0 | BC11: =COUNTIFS(Данные!$B$2:$B$722,10,Данные!$C$2:$C$722,0,Данные!$A$2:$A$722,">="&7722451000,Данные!$A$2:$A$722,"<="&7722451374) -> 0 | BD11: =COUNTIFS(Данные!$B$2:$B$722,10,Данные!$C$2:$C$722,0,Данные!$A$2:$A$722,">="&7722452000,Данные!$A$2:$A$722,"<="&7722452299) -> 0 | BE11: =COUNTIFS(Данные!$B$2:$B$722,10,Данные!$C$2:$C$722,0,Данные!$A$2:$A$722,">="&7722453000,Данные!$A$2:$A$722,"<="&7722453816) -> 0 | BF11: =COUNTIFS(Данные!$B$2:$B$722,10,Данные!$C$2:$C$722,0,Данные!$A$2:$A$722,">="&7722454000,Данные!$A$2:$A$722,"<="&7722454099) -> 0 | BG11: =COUNTIFS(Данные!$B$2:$B$722,10,Данные!$C$2:$C$722,0,Данные!$A$2:$A$722,">="&7722458000,Данные!$A$2:$A$722,"<="&7722458999) -> 0 | BH11: =COUNTIFS(Данные!$B$2:$B$722,10,Данные!$C$2:$C$722,0,Данные!$A$2:$A$722,">="&7722630000,Данные!$A$2:$A$722,"<="&7722638549) -> 0 | BI11: =COUNTIFS(Данные!$B$2:$B$722,10,Данные!$C$2:$C$722,0,Данные!$A$2:$A$722,">="&7722639400,Данные!$A$2:$A$722,"<="&7722639899) -> 0 | BJ11: =COUNTIFS(Данные!$B$2:$B$722,10,Данные!$C$2:$C$722,0,Данные!$A$2:$A$722,">="&7725750000,Данные!$A$2:$A$722,"<="&7725750399) -> 0 | BK11: =COUNTIFS(Данные!$B$2:$B$722,10,Данные!$C$2:$C$722,0,Данные!$A$2:$A$722,">="&7723620000,Данные!$A$2:$A$722,"<="&7723621299) -> 0 | BL11: =COUNTIFS(Данные!$B$2:$B$722,10,Данные!$C$2:$C$722,0,Данные!$A$2:$A$722,">="&7723621600,Данные!$A$2:$A$722,"<="&7723623399) -> 0 | BM11: =COUNTIFS(Данные!$B$2:$B$722,10,Данные!$C$2:$C$722,0,Данные!$A$2:$A$722,">="&7725127000,Данные!$A$2:$A$722,"<="&7725127999) -> 0 | BN11: =COUNTIFS(Данные!$B$2:$B$722,10,Данные!$C$2:$C$722,0,Данные!$A$2:$A$722,">="&7723772000,Данные!$A$2:$A$722,"<="&7723724999) -> 0 | BO11: =COUNTIFS(Данные!$B$2:$B$722,10,Данные!$C$2:$C$722,0,Данные!$A$2:$A$722,">="&7723765000,Данные!$A$2:$A$722,"<="&7723765499) -> 0 | BP11: =COUNTIFS(Данные!$B$2:$B$722,10,Данные!$C$2:$C$722,0,Данные!$A$2:$A$722,">="&7723948000,Данные!$A$2:$A$722,"<="&7723948999) -> 0 | BQ11: =COUNTIFS(Данные!$B$2:$B$722,10,Данные!$C$2:$C$722,0,Данные!$A$2:$A$722,">="&7723950000,Данные!$A$2:$A$722,"<="&7723951099) -> 0 | BR11: =COUNTIFS(Данные!$B$2:$B$722,10,Данные!$C$2:$C$722,0,Данные!$A$2:$A$722,">="&7723020000,Данные!$A$2:$A$722,"<="&7723020999) -> 0 | BS11: =COUNTIFS(Данные!$B$2:$B$722,10,Данные!$C$2:$C$722,0,Данные!$A$2:$A$722,">="&7723029000,Данные!$A$2:$A$722,"<="&7723029999) -> 0 | BT11: =COUNTIFS(Данные!$B$2:$B$722,10,Данные!$C$2:$C$722,0,Данные!$A$2:$A$722,">="&7723055000,Данные!$A$2:$A$722,"<="&7723056549) -> 0 | BU11: =COUNTIFS(Данные!$B$2:$B$722,10,Данные!$C$2:$C$722,0,Данные!$A$2:$A$722,">="&7725250000,Данные!$A$2:$A$722,"<="&7725250499) -> 0 | BV11: =COUNTIFS(Данные!$B$2:$B$722,10,Данные!$C$2:$C$722,0,Данные!$A$2:$A$722,">="&7183841400,Данные!$A$2:$A$722,"<="&7183841499) -> 0 | BW11: 300 | BX11: =F11-BW11 -> -300
C12: 1 | D12: 101 | F12: =COUNTIFS(Данные!$B$2:$B$722,10,Данные!$C$2:$C$722,1) -> 0 | G12: =COUNTIFS(Данные!$B$2:$B$722,10,Данные!$C$2:$C$722,1,Данные!$A$2:$A$722,">="&77232210840,Данные!$A$2:$A$722,"<="&77232216999) -> 0 | H12: =COUNTIFS(Данные!$B$2:$B$722,10,Данные!$C$2:$C$722,1,Данные!$A$2:$A$722,">="&77232510512,Данные!$A$2:$A$722,"<="&77232519487) -> 0 | I12: =COUNTIFS(Данные!$B$2:$B$722,10,Данные!$C$2:$C$722,1,Данные!$A$2:$A$722,">="&77232524160,Данные!$A$2:$A$722,"<="&77232529999) -> 0 | J12: =COUNTIFS(Данные!$B$2:$B$722,10,Данные!$C$2:$C$722,1,Данные!$A$2:$A$722,">="&77232544000,Данные!$A$2:$A$722,"<="&77232544999) -> 0 | K12: =COUNTIFS(Данные!$B$2:$B$722,10,Данные!$C$2:$C$722,1,Данные!$A$2:$A$722,">="&77232295504,Данные!$A$2:$A$722,"<="&77232296999) -> 0 | L12: =COUNTIFS(Данные!$B$2:$B$722,10,Данные!$C$2:$C$722,1,Данные!$A$2:$A$722,">="&77232785000,Данные!$A$2:$A$722,"<="&77232789999) -> 0 | M12: =COUNTIFS(Данные!$B$2:$B$722,10,Данные!$C$2:$C$722,1,Данные!$A$2:$A$722,">="&77233150000,Данные!$A$2:$A$722,"<="&77233155999) -> 0 | N12: =COUNTIFS(Данные!$B$2:$B$722,10,Данные!$C$2:$C$722,1,Данные!$A$2:$A$722,">="&77233235000,Данные!$A$2:$A$722,"<="&77233235999) -> 0 | O12: =COUNTIFS(Данные!$B$2:$B$722,10,Данные!$C$2:$C$722,1,Данные!$A$2:$A$722,">="&77233239000,Данные!$A$2:$A$722,"<="&77233239999) -> 0 | P12: =COUNTIFS(Данные!$B$2:$B$722,10,Данные!$C$2:$C$722,1,Данные!$A$2:$A$722,">="&77233272000,Данные!$A$2:$A$722,"<="&77233272999) -> 0 | Q12: =COUNTIFS(Данные!$B$2:$B$722,10,Данные!$C$2:$C$722,1,Данные!$A$2:$A$722,">="&77233291100,Данные!$A$2:$A$722,"<="&77233292999) -> 0 | R12: =COUNTIFS(Данные!$B$2:$B$722,10,Данные!$C$2:$C$722,1,Данные!$A$2:$A$722,">="&77233297000,Данные!$A$2:$A$722,"<="&77233298399) -> 0 | S12: =COUNTIFS(Данные!$B$2:$B$722,10,Данные!$C$2:$C$722,1,Данные!$A$2:$A$722,">="&77235124000,Данные!$A$2:$A$722,"<="&77235128499) -> 0 | T12: =COUNTIFS(Данные!$B$2:$B$722,10,Данные!$C$2:$C$722,1,Данные!$A$2:$A$722,">="&77235320000,Данные!$A$2:$A$722,"<="&77235320999) -> 0 | U12: =COUNTIFS(Данные!$B$2:$B$722,10,Данные!$C$2:$C$722,1,Данные!$A$2:$A$722,">="&77233620000,Данные!$A$2:$A$722,"<="&77233623339) -> 0 | V12: =COUNTIFS(Данные!$B$2:$B$722,10,Данные!$C$2:$C$722,1,Данные!$A$2:$A$722,">="&77233630000,Данные!$A$2:$A$722,"<="&77233630999) -> 0 | W12: =COUNTIFS(Данные!$B$2:$B$722,10,Данные!$C$2:$C$722,1,Данные!$A$2:$A$722,">="&77233637000,Данные!$A$2:$A$722,"<="&77233637599) -> 0 | X12: =COUNTIFS(Данные!$B$2:$B$722,10,Данные!$C$2:$C$722,1,Данные!$A$2:$A$722,">="&77233550000,Данные!$A$2:$A$722,"<="&77233550999) -> 0 | Y12: =COUNTIFS(Данные!$B$2:$B$722,10,Данные!$C$2:$C$722,1,Данные!$A$2:$A$722,">="&77233554000,Данные!$A$2:$A$722,"<="&77233554999) -> 0 | Z12: =COUNTIFS(Данные!$B$2:$B$722,10,Данные!$C$2:$C$722,1,Данные!$A$2:$A$722,">="&77233555000,Данные!$A$2:$A$722,"<="&77233556999) -> 0 | AA12: =COUNTIFS(Данные!$B$2:$B$722,10,Данные!$C$2:$C$722,1,Данные!$A$2:$A$722,">="&77233726000,Данные!$A$2:$A$722,"<="&77233726999) -> 0 | AB12: =COUNTIFS(Данные!$B$2:$B$722,10,Данные!$C$2:$C$722,1,Данные!$A$2:$A$722,">="&77233820000,Данные!$A$2:$A$722,"<="&77233820999) -> 0 | AC12: =COUNTIFS(Данные!$B$2:$B$722,10,Данные!$C$2:$C$722,1,Данные!$A$2:$A$722,">="&77233850000,Данные!$A$2:$A$722,"<="&77233850999) -> 0 | AD12: =COUNTIFS(Данные!$B$2:$B$722,10,Данные!$C$2:$C$722,1,Данные!$A$2:$A$722,">="&77233420000,Данные!$A$2:$A$722,"<="&77233420999) -> 0 | AE12: =COUNTIFS(Данные!$B$2:$B$722,10,Данные!$C$2:$C$722,1,Данные!$A$2:$A$722,">="&77234740000,Данные!$A$2:$A$722,"<="&77234742999) -> 0 | AF12: =COUNTIFS(Данные!$B$2:$B$722,10,Данные!$C$2:$C$722,1,Данные!$A$2:$A$722,">="&77234767000,Данные!$A$2:$A$722,"<="&77234767999) -> 0 | AG12: =COUNTIFS(Данные!$B$2:$B$722,10,Данные!$C$2:$C$722,1,Данные!$A$2:$A$722,">="&77234120000,Данные!$A$2:$A$722,"<="&77234120999) -> 0 | AH12: =COUNTIFS(Данные!$B$2:$B$722,10,Данные!$C$2:$C$722,1,Данные!$A$2:$A$722,">="&77234127000,Данные!$A$2:$A$722,"<="&77234127999) -> 0 | AI12: =COUNTIFS(Данные!$B$2:$B$722,10,Данные!$C$2:$C$722,1,Данные!$A$2:$A$722,">="&77234220000,Данные!$A$2:$A$722,"<="&77234220999) -> 0 | AJ12: =COUNTIFS(Данные!$B$2:$B$722,10,Данные!$C$2:$C$722,1,Данные!$A$2:$A$722,">="&77234250000,Данные!$A$2:$A$722,"<="&77234250999) -> 0 | AK12: =COUNTIFS(Данные!$B$2:$B$722,10,Данные!$C$2:$C$722,1,Данные!$A$2:$A$722,">="&77233922950,Данные!$A$2:$A$722,"<="&77233924999) -> 0 | AL12: =COUNTIFS(Данные!$B$2:$B$722,10,Данные!$C$2:$C$722,1,Данные!$A$2:$A$722,">="&77234320000,Данные!$A$2:$A$722,"<="&77234320999) -> 0 | AM12: =COUNTIFS(Данные!$B$2:$B$722,10,Данные!$C$2:$C$722,1,Данные!$A$2:$A$722,">="&77234350000,Данные!$A$2:$A$722,"<="&77234350999) -> 0 | AN12: =COUNTIFS(Данные!$B$2:$B$722,10,Данные!$C$2:$C$722,1,Данные!$A$2:$A$722,">="&77234020000,Данные!$A$2:$A$722,"<="&77234020999) -> 0 | AO12: =COUNTIFS(Данные!$B$2:$B$722,10,Данные!$C$2:$C$722,1,Данные!$A$2:$A$722,">="&77234029000,Данные!$A$2:$A$722,"<="&77234029999) -> 0 | AP12: =COUNTIFS(Данные!$B$2:$B$722,10,Данные!$C$2:$C$722,1,Данные!$A$2:$A$722,">="&77234050000,Данные!$A$2:$A$722,"<="&77234050999) -> 0 | AQ12: =COUNTIFS(Данные!$B$2:$B$722,10,Данные!$C$2:$C$722,1,Данные!$A$2:$A$722,">="&77234427000,Данные!$A$2:$A$722,"<="&77234428999) -> 0 | AR12: =COUNTIFS(Данные!$B$2:$B$722,10,Данные!$C$2:$C$722,1,Данные!$A$2:$A$722,">="&77234450000,Данные!$A$2:$A$722,"<="&77234450999) -> 0 | AS12: =COUNTIFS(Данные!$B$2:$B$722,10,Данные!$C$2:$C$722,1,Данные!$A$2:$A$722,">="&77234620000,Данные!$A$2:$A$722,"<="&77234620999) -> 0 | AT12: =COUNTIFS(Данные!$B$2:$B$722,10,Данные!$C$2:$C$722,1,Данные!$A$2:$A$722,">="&77234650000,Данные!$A$2:$A$722,"<="&77234650999) -> 0 | AU12: =COUNTIFS(Данные!$B$2:$B$722,10,Данные!$C$2:$C$722,1,Данные!$A$2:$A$722,">="&77234820000,Данные!$A$2:$A$722,"<="&77234820999) -> 0 | AV12: =COUNTIFS(Данные!$B$2:$B$722,10,Данные!$C$2:$C$722,1,Данные!$A$2:$A$722,">="&77234850000,Данные!$A$2:$A$722,"<="&77234850999) -> 0 | AW12: =COUNTIFS(Данные!$B$2:$B$722,10,Данные!$C$2:$C$722,1,Данные!$A$2:$A$722,">="&77233327000,Данные!$A$2:$A$722,"<="&77233327999) -> 0 | AX12: =COUNTIFS(Данные!$B$2:$B$722,10,Данные!$C$2:$C$722,1,Данные!$A$2:$A$722,">="&77233350000,Данные!$A$2:$A$722,"<="&77233350599) -> 0 | AY12: =COUNTIFS(Данные!$B$2:$B$722,10,Данные!$C$2:$C$722,1,Данные!$A$2:$A$722,">="&77233351000,Данные!$A$2:$A$722,"<="&77233351999) -> 0 | AZ12: =COUNTIFS(Данные!$B$2:$B$722,10,Данные!$C$2:$C$722,1,Данные!$A$2:$A$722,">="&7722440000,Данные!$A$2:$A$722,"<="&7722440999) -> 0 | BA12: =COUNTIFS(Данные!$B$2:$B$722,10,Данные!$C$2:$C$722,1,Данные!$A$2:$A$722,">="&7722442000,Данные!$A$2:$A$722,"<="&7722445659) -> 0 | BB12: =COUNTIFS(Данные!$B$2:$B$722,10,Данные!$C$2:$C$722,1,Данные!$A$2:$A$722,">="&7722450000,Данные!$A$2:$A$722,"<="&7722450199) -> 0 | BC12: =COUNTIFS(Данные!$B$2:$B$722,10,Данные!$C$2:$C$722,1,Данные!$A$2:$A$722,">="&7722451000,Данные!$A$2:$A$722,"<="&7722451374) -> 0 | BD12: =COUNTIFS(Данные!$B$2:$B$722,10,Данные!$C$2:$C$722,1,Данные!$A$2:$A$722,">="&7722452000,Данные!$A$2:$A$722,"<="&7722452299) -> 0 | BE12: =COUNTIFS(Данные!$B$2:$B$722,10,Данные!$C$2:$C$722,1,Данные!$A$2:$A$722,">="&7722453000,Данные!$A$2:$A$722,"<="&7722453816) -> 0 | BF12: =COUNTIFS(Данные!$B$2:$B$722,10,Данные!$C$2:$C$722,1,Данные!$A$2:$A$722,">="&7722454000,Данные!$A$2:$A$722,"<="&7722454099) -> 0 | BG12: =COUNTIFS(Данные!$B$2:$B$722,10,Данные!$C$2:$C$722,1,Данные!$A$2:$A$722,">="&7722458000,Данные!$A$2:$A$722,"<="&7722458999) -> 0 | BH12: =COUNTIFS(Данные!$B$2:$B$722,10,Данные!$C$2:$C$722,1,Данные!$A$2:$A$722,">="&7722630000,Данные!$A$2:$A$722,"<="&7722638549) -> 0 | BI12: =COUNTIFS(Данные!$B$2:$B$722,10,Данные!$C$2:$C$722,1,Данные!$A$2:$A$722,">="&7722639400,Данные!$A$2:$A$722,"<="&7722639899) -> 0 | BJ12: =COUNTIFS(Данные!$B$2:$B$722,10,Данные!$C$2:$C$722,1,Данные!$A$2:$A$722,">="&7725750000,Данные!$A$2:$A$722,"<="&7725750399) -> 0 | BK12: =COUNTIFS(Данные!$B$2:$B$722,10,Данные!$C$2:$C$722,1,Данные!$A$2:$A$722,">="&7723620000,Данные!$A$2:$A$722,"<="&7723621299) -> 0 | BL12: =COUNTIFS(Данные!$B$2:$B$722,10,Данные!$C$2:$C$722,1,Данные!$A$2:$A$722,">="&7723621600,Данные!$A$2:$A$722,"<="&7723623399) -> 0 | BM12: =COUNTIFS(Данные!$B$2:$B$722,10,Данные!$C$2:$C$722,1,Данные!$A$2:$A$722,">="&7725127000,Данные!$A$2:$A$722,"<="&7725127999) -> 0 | BN12: =COUNTIFS(Данные!$B$2:$B$722,10,Данные!$C$2:$C$722,1,Данные!$A$2:$A$722,">="&7723772000,Данные!$A$2:$A$722,"<="&7723724999) -> 0 | BO12: =COUNTIFS(Данные!$B$2:$B$722,10,Данные!$C$2:$C$722,1,Данные!$A$2:$A$722,">="&7723765000,Данные!$A$2:$A$722,"<="&7723765499) -> 0 | BP12: =COUNTIFS(Данные!$B$2:$B$722,10,Данные!$C$2:$C$722,1,Данные!$A$2:$A$722,">="&7723948000,Данные!$A$2:$A$722,"<="&7723948999) -> 0 | BQ12: =COUNTIFS(Данные!$B$2:$B$722,10,Данные!$C$2:$C$722,1,Данные!$A$2:$A$722,">="&7723950000,Данные!$A$2:$A$722,"<="&7723951099) -> 0 | BR12: =COUNTIFS(Данные!$B$2:$B$722,10,Данные!$C$2:$C$722,1,Данные!$A$2:$A$722,">="&7723020000,Данные!$A$2:$A$722,"<="&7723020999) -> 0 | BS12: =COUNTIFS(Данные!$B$2:$B$722,10,Данные!$C$2:$C$722,1,Данные!$A$2:$A$722,">="&7723029000,Данные!$A$2:$A$722,"<="&7723029999) -> 0 | BT12: =COUNTIFS(Данные!$B$2:$B$722,10,Данные!$C$2:$C$722,1,Данные!$A$2:$A$722,">="&7723055000,Данные!$A$2:$A$722,"<="&7723056549) -> 0 | BU12: =COUNTIFS(Данные!$B$2:$B$722,10,Данные!$C$2:$C$722,1,Данные!$A$2:$A$722,">="&7725250000,Данные!$A$2:$A$722,"<="&7725250499) -> 0 | BV12: =COUNTIFS(Данные!$B$2:$B$722,10,Данные!$C$2:$C$722,1,Данные!$A$2:$A$722,">="&7183841400,Данные!$A$2:$A$722,"<="&7183841499) -> 0 | BW12: 300 | BX12: =F12-BW12 -> -300
C13: 2 | D13: 102 | F13: =COUNTIFS(Данные!$B$2:$B$722,10,Данные!$C$2:$C$722,2) -> 2 | G13: =COUNTIFS(Данные!$B$2:$B$722,10,Данные!$C$2:$C$722,2,Данные!$A$2:$A$722,">="&77232210840,Данные!$A$2:$A$722,"<="&77232216999) -> 0 | H13: =COUNTIFS(Данные!$B$2:$B$722,10,Данные!$C$2:$C$722,2,Данные!$A$2:$A$722,">="&77232510512,Данные!$A$2:$A$722,"<="&77232519487) -> 0 | I13: =COUNTIFS(Данные!$B$2:$B$722,10,Данные!$C$2:$C$722,2,Данные!$A$2:$A$722,">="&77232524160,Данные!$A$2:$A$722,"<="&77232529999) -> 0 | J13: =COUNTIFS(Данные!$B$2:$B$722,10,Данные!$C$2:$C$722,2,Данные!$A$2:$A$722,">="&77232544000,Данные!$A$2:$A$722,"<="&77232544999) -> 0 | K13: =COUNTIFS(Данные!$B$2:$B$722,10,Данные!$C$2:$C$722,2,Данные!$A$2:$A$722,">="&77232295504,Данные!$A$2:$A$722,"<="&77232296999) -> 0 | L13: =COUNTIFS(Данные!$B$2:$B$722,10,Данные!$C$2:$C$722,2,Данные!$A$2:$A$722,">="&77232785000,Данные!$A$2:$A$722,"<="&77232789999) -> 0 | M13: =COUNTIFS(Данные!$B$2:$B$722,10,Данные!$C$2:$C$722,2,Данные!$A$2:$A$722,">="&77233150000,Данные!$A$2:$A$722,"<="&77233155999) -> 0 | N13: =COUNTIFS(Данные!$B$2:$B$722,10,Данные!$C$2:$C$722,2,Данные!$A$2:$A$722,">="&77233235000,Данные!$A$2:$A$722,"<="&77233235999) -> 0 | O13: =COUNTIFS(Данные!$B$2:$B$722,10,Данные!$C$2:$C$722,2,Данные!$A$2:$A$722,">="&77233239000,Данные!$A$2:$A$722,"<="&77233239999) -> 0 | P13: =COUNTIFS(Данные!$B$2:$B$722,10,Данные!$C$2:$C$722,2,Данные!$A$2:$A$722,">="&77233272000,Данные!$A$2:$A$722,"<="&77233272999) -> 0 | Q13: =COUNTIFS(Данные!$B$2:$B$722,10,Данные!$C$2:$C$722,2,Данные!$A$2:$A$722,">="&77233291100,Данные!$A$2:$A$722,"<="&77233292999) -> 0 | R13: =COUNTIFS(Данные!$B$2:$B$722,10,Данные!$C$2:$C$722,2,Данные!$A$2:$A$722,">="&77233297000,Данные!$A$2:$A$722,"<="&77233298399) -> 0 | S13: =COUNTIFS(Данные!$B$2:$B$722,10,Данные!$C$2:$C$722,2,Данные!$A$2:$A$722,">="&77235124000,Данные!$A$2:$A$722,"<="&77235128499) -> 0 | T13: =COUNTIFS(Данные!$B$2:$B$722,10,Данные!$C$2:$C$722,2,Данные!$A$2:$A$722,">="&77235320000,Данные!$A$2:$A$722,"<="&77235320999) -> 2 | U13: =COUNTIFS(Данные!$B$2:$B$722,10,Данные!$C$2:$C$722,2,Данные!$A$2:$A$722,">="&77233620000,Данные!$A$2:$A$722,"<="&77233623339) -> 0 | V13: =COUNTIFS(Данные!$B$2:$B$722,10,Данные!$C$2:$C$722,2,Данные!$A$2:$A$722,">="&77233630000,Данные!$A$2:$A$722,"<="&77233630999) -> 0 | W13: =COUNTIFS(Данные!$B$2:$B$722,10,Данные!$C$2:$C$722,2,Данные!$A$2:$A$722,">="&77233637000,Данные!$A$2:$A$722,"<="&77233637599) -> 0 | X13: =COUNTIFS(Данные!$B$2:$B$722,10,Данные!$C$2:$C$722,2,Данные!$A$2:$A$722,">="&77233550000,Данные!$A$2:$A$722,"<="&77233550999) -> 0 | Y13: =COUNTIFS(Данные!$B$2:$B$722,10,Данные!$C$2:$C$722,2,Данные!$A$2:$A$722,">="&77233554000,Данные!$A$2:$A$722,"<="&77233554999) -> 0 | Z13: =COUNTIFS(Данные!$B$2:$B$722,10,Данные!$C$2:$C$722,2,Данные!$A$2:$A$722,">="&77233555000,Данные!$A$2:$A$722,"<="&77233556999) -> 0 | AA13: =COUNTIFS(Данные!$B$2:$B$722,10,Данные!$C$2:$C$722,2,Данные!$A$2:$A$722,">="&77233726000,Данные!$A$2:$A$722,"<="&77233726999) -> 0 | AB13: =COUNTIFS(Данные!$B$2:$B$722,10,Данные!$C$2:$C$722,2,Данные!$A$2:$A$722,">="&77233820000,Данные!$A$2:$A$722,"<="&77233820999) -> 0 | AC13: =COUNTIFS(Данные!$B$2:$B$722,10,Данные!$C$2:$C$722,2,Данные!$A$2:$A$722,">="&77233850000,Данные!$A$2:$A$722,"<="&77233850999) -> 0 | AD13: =COUNTIFS(Данные!$B$2:$B$722,10,Данные!$C$2:$C$722,2,Данные!$A$2:$A$722,">="&77233420000,Данные!$A$2:$A$722,"<="&77233420999) -> 0 | AE13: =COUNTIFS(Данные!$B$2:$B$722,10,Данные!$C$2:$C$722,2,Данные!$A$2:$A$722,">="&77234740000,Данные!$A$2:$A$722,"<="&77234742999) -> 0 | AF13: =COUNTIFS(Данные!$B$2:$B$722,10,Данные!$C$2:$C$722,2,Данные!$A$2:$A$722,">="&77234767000,Данные!$A$2:$A$722,"<="&77234767999) -> 0 | AG13: =COUNTIFS(Данные!$B$2:$B$722,10,Данные!$C$2:$C$722,2,Данные!$A$2:$A$722,">="&77234120000,Данные!$A$2:$A$722,"<="&77234120999) -> 0 | AH13: =COUNTIFS(Данные!$B$2:$B$722,10,Данные!$C$2:$C$722,2,Данные!$A$2:$A$722,">="&77234127000,Данные!$A$2:$A$722,"<="&77234127999) -> 0 | AI13: =COUNTIFS(Данные!$B$2:$B$722,10,Данные!$C$2:$C$722,2,Данные!$A$2:$A$722,">="&77234220000,Данные!$A$2:$A$722,"<="&77234220999) -> 0 | AJ13: =COUNTIFS(Данные!$B$2:$B$722,10,Данные!$C$2:$C$722,2,Данные!$A$2:$A$722,">="&77234250000,Данные!$A$2:$A$722,"<="&77234250999) -> 0 | AK13: =COUNTIFS(Данные!$B$2:$B$722,10,Данные!$C$2:$C$722,2,Данные!$A$2:$A$722,">="&77233922950,Данные!$A$2:$A$722,"<="&77233924999) -> 0 | AL13: =COUNTIFS(Данные!$B$2:$B$722,10,Данные!$C$2:$C$722,2,Данные!$A$2:$A$722,">="&77234320000,Данные!$A$2:$A$722,"<="&77234320999) -> 0 | AM13: =COUNTIFS(Данные!$B$2:$B$722,10,Данные!$C$2:$C$722,2,Данные!$A$2:$A$722,">="&77234350000,Данные!$A$2:$A$722,"<="&77234350999) -> 0 | AN13: =COUNTIFS(Данные!$B$2:$B$722,10,Данные!$C$2:$C$722,2,Данные!$A$2:$A$722,">="&77234020000,Данные!$A$2:$A$722,"<="&77234020999) -> 0 | AO13: =COUNTIFS(Данные!$B$2:$B$722,10,Данные!$C$2:$C$722,2,Данные!$A$2:$A$722,">="&77234029000,Данные!$A$2:$A$722,"<="&77234029999) -> 0 | AP13: =COUNTIFS(Данные!$B$2:$B$722,10,Данные!$C$2:$C$722,2,Данные!$A$2:$A$722,">="&77234050000,Данные!$A$2:$A$722,"<="&77234050999) -> 0 | AQ13: =COUNTIFS(Данные!$B$2:$B$722,10,Данные!$C$2:$C$722,2,Данные!$A$2:$A$722,">="&77234427000,Данные!$A$2:$A$722,"<="&77234428999) -> 0 | AR13: =COUNTIFS(Данные!$B$2:$B$722,10,Данные!$C$2:$C$722,2,Данные!$A$2:$A$722,">="&77234450000,Данные!$A$2:$A$722,"<="&77234450999) -> 0 | AS13: =COUNTIFS(Данные!$B$2:$B$722,10,Данные!$C$2:$C$722,2,Данные!$A$2:$A$722,">="&77234620000,Данные!$A$2:$A$722,"<="&77234620999) -> 0 | AT13: =COUNTIFS(Данные!$B$2:$B$722,10,Данные!$C$2:$C$722,2,Данные!$A$2:$A$722,">="&77234650000,Данные!$A$2:$A$722,"<="&77234650999) -> 0 | AU13: =COUNTIFS(Данные!$B$2:$B$722,10,Данные!$C$2:$C$722,2,Данные!$A$2:$A$722,">="&77234820000,Данные!$A$2:$A$722,"<="&77234820999) -> 0 | AV13: =COUNTIFS(Данные!$B$2:$B$722,10,Данные!$C$2:$C$722,2,Данные!$A$2:$A$722,">="&77234850000,Данные!$A$2:$A$722,"<="&77234850999) -> 0 | AW13: =COUNTIFS(Данные!$B$2:$B$722,10,Данные!$C$2:$C$722,2,Данные!$A$2:$A$722,">="&77233327000,Данные!$A$2:$A$722,"<="&77233327999) -> 0 | AX13: =COUNTIFS(Данные!$B$2:$B$722,10,Данные!$C$2:$C$722,2,Данные!$A$2:$A$722,">="&77233350000,Данные!$A$2:$A$722,"<="&77233350599) -> 0 | AY13: =COUNTIFS(Данные!$B$2:$B$722,10,Данные!$C$2:$C$722,2,Данные!$A$2:$A$722,">="&77233351000,Данные!$A$2:$A$722,"<="&77233351999) -> 0 | AZ13: =COUNTIFS(Данные!$B$2:$B$722,10,Данные!$C$2:$C$722,2,Данные!$A$2:$A$722,">="&7722440000,Данные!$A$2:$A$722,"<="&7722440999) -> 0 | BA13: =COUNTIFS(Данные!$B$2:$B$722,10,Данные!$C$2:$C$722,2,Данные!$A$2:$A$722,">="&7722442000,Данные!$A$2:$A$722,"<="&7722445659) -> 0 | BB13: =COUNTIFS(Данные!$B$2:$B$722,10,Данные!$C$2:$C$722,2,Данные!$A$2:$A$722,">="&7722450000,Данные!$A$2:$A$722,"<="&7722450199) -> 0 | BC13: =COUNTIFS(Данные!$B$2:$B$722,10,Данные!$C$2:$C$722,2,Данные!$A$2:$A$722,">="&7722451000,Данные!$A$2:$A$722,"<="&7722451374) -> 0 | BD13: =COUNTIFS(Данные!$B$2:$B$722,10,Данные!$C$2:$C$722,2,Данные!$A$2:$A$722,">="&7722452000,Данные!$A$2:$A$722,"<="&7722452299) -> 0 | BE13: =COUNTIFS(Данные!$B$2:$B$722,10,Данные!$C$2:$C$722,2,Данные!$A$2:$A$722,">="&7722453000,Данные!$A$2:$A$722,"<="&7722453816) -> 0 | BF13: =COUNTIFS(Данные!$B$2:$B$722,10,Данные!$C$2:$C$722,2,Данные!$A$2:$A$722,">="&7722454000,Данные!$A$2:$A$722,"<="&7722454099) -> 0 | BG13: =COUNTIFS(Данные!$B$2:$B$722,10,Данные!$C$2:$C$722,2,Данные!$A$2:$A$722,">="&7722458000,Данные!$A$2:$A$722,"<="&7722458999) -> 0 | BH13: =COUNTIFS(Данные!$B$2:$B$722,10,Данные!$C$2:$C$722,2,Данные!$A$2:$A$722,">="&7722630000,Данные!$A$2:$A$722,"<="&7722638549) -> 0 | BI13: =COUNTIFS(Данные!$B$2:$B$722,10,Данные!$C$2:$C$722,2,Данные!$A$2:$A$722,">="&7722639400,Данные!$A$2:$A$722,"<="&7722639899) -> 0 | BJ13: =COUNTIFS(Данные!$B$2:$B$722,10,Данные!$C$2:$C$722,2,Данные!$A$2:$A$722,">="&7725750000,Данные!$A$2:$A$722,"<="&7725750399) -> 0 | BK13: =COUNTIFS(Данные!$B$2:$B$722,10,Данные!$C$2:$C$722,2,Данные!$A$2:$A$722,">="&7723620000,Данные!$A$2:$A$722,"<="&7723621299) -> 0 | BL13: =COUNTIFS(Данные!$B$2:$B$722,10,Данные!$C$2:$C$722,2,Данные!$A$2:$A$722,">="&7723621600,Данные!$A$2:$A$722,"<="&7723623399) -> 0 | BM13: =COUNTIFS(Данные!$B$2:$B$722,10,Данные!$C$2:$C$722,2,Данные!$A$2:$A$722,">="&7725127000,Данные!$A$2:$A$722,"<="&7725127999) -> 0 | BN13: =COUNTIFS(Данные!$B$2:$B$722,10,Данные!$C$2:$C$722,2,Данные!$A$2:$A$722,">="&7723772000,Данные!$A$2:$A$722,"<="&7723724999) -> 0 | BO13: =COUNTIFS(Данные!$B$2:$B$722,10,Данные!$C$2:$C$722,2,Данные!$A$2:$A$722,">="&7723765000,Данные!$A$2:$A$722,"<="&7723765499) -> 0 | BP13: =COUNTIFS(Данные!$B$2:$B$722,10,Данные!$C$2:$C$722,2,Данные!$A$2:$A$722,">="&7723948000,Данные!$A$2:$A$722,"<="&7723948999) -> 0 | BQ13: =COUNTIFS(Данные!$B$2:$B$722,10,Данные!$C$2:$C$722,2,Данные!$A$2:$A$722,">="&7723950000,Данные!$A$2:$A$722,"<="&7723951099) -> 0 | BR13: =COUNTIFS(Данные!$B$2:$B$722,10,Данные!$C$2:$C$722,2,Данные!$A$2:$A$722,">="&7723020000,Данные!$A$2:$A$722,"<="&7723020999) -> 0 | BS13: =COUNTIFS(Данные!$B$2:$B$722,10,Данные!$C$2:$C$722,2,Данные!$A$2:$A$722,">="&7723029000,Данные!$A$2:$A$722,"<="&7723029999) -> 0 | BT13: =COUNTIFS(Данные!$B$2:$B$722,10,Данные!$C$2:$C$722,2,Данные!$A$2:$A$722,">="&7723055000,Данные!$A$2:$A$722,"<="&7723056549) -> 0 | BU13: =COUNTIFS(Данные!$B$2:$B$722,10,Данные!$C$2:$C$722,2,Данные!$A$2:$A$722,">="&7725250000,Данные!$A$2:$A$722,"<="&7725250499) -> 0 | BV13: =COUNTIFS(Данные!$B$2:$B$722,10,Данные!$C$2:$C$722,2,Данные!$A$2:$A$722,">="&7183841400,Данные!$A$2:$A$722,"<="&7183841499) -> 0 | BW13: 300 | BX13: =F13-BW13 -> -298
A14: 11 | B14: Большенарым | C14: 0 | D14: 110 | E14: =SUM(F14:F16) -> 0 | F14: =COUNTIFS(Данные!$B$2:$B$722,11,Данные!$C$2:$C$722,0) -> 0 | G14: =COUNTIFS(Данные!$B$2:$B$722,11,Данные!$C$2:$C$722,0,Данные!$A$2:$A$722,">="&77232210840,Данные!$A$2:$A$722,"<="&77232216999) -> 0 | H14: =COUNTIFS(Данные!$B$2:$B$722,11,Данные!$C$2:$C$722,0,Данные!$A$2:$A$722,">="&77232510512,Данные!$A$2:$A$722,"<="&77232519487) -> 0 | I14: =COUNTIFS(Данные!$B$2:$B$722,11,Данные!$C$2:$C$722,0,Данные!$A$2:$A$722,">="&77232524160,Данные!$A$2:$A$722,"<="&77232529999) -> 0 | J14: =COUNTIFS(Данные!$B$2:$B$722,11,Данные!$C$2:$C$722,0,Данные!$A$2:$A$722,">="&77232544000,Данные!$A$2:$A$722,"<="&77232544999) -> 0 | K14: =COUNTIFS(Данные!$B$2:$B$722,11,Данные!$C$2:$C$722,0,Данные!$A$2:$A$722,">="&77232295504,Данные!$A$2:$A$722,"<="&77232296999) -> 0 | L14: =COUNTIFS(Данные!$B$2:$B$722,11,Данные!$C$2:$C$722,0,Данные!$A$2:$A$722,">="&77232785000,Данные!$A$2:$A$722,"<="&77232789999) -> 0 | M14: =COUNTIFS(Данные!$B$2:$B$722,11,Данные!$C$2:$C$722,0,Данные!$A$2:$A$722,">="&77233150000,Данные!$A$2:$A$722,"<="&77233155999) -> 0 | N14: =COUNTIFS(Данные!$B$2:$B$722,11,Данные!$C$2:$C$722,0,Данные!$A$2:$A$722,">="&77233235000,Данные!$A$2:$A$722,"<="&77233235999) -> 0 | O14: =COUNTIFS(Данные!$B$2:$B$722,11,Данные!$C$2:$C$722,0,Данные!$A$2:$A$722,">="&77233239000,Данные!$A$2:$A$722,"<="&77233239999) -> 0 | P14: =COUNTIFS(Данные!$B$2:$B$722,11,Данные!$C$2:$C$722,0,Данные!$A$2:$A$722,">="&77233272000,Данные!$A$2:$A$722,"<="&77233272999) -> 0 | Q14: =COUNTIFS(Данные!$B$2:$B$722,11,Данные!$C$2:$C$722,0,Данные!$A$2:$A$722,">="&77233291100,Данные!$A$2:$A$722,"<="&77233292999) -> 0 | R14: =COUNTIFS(Данные!$B$2:$B$722,11,Данные!$C$2:$C$722,0,Данные!$A$2:$A$722,">="&77233297000,Данные!$A$2:$A$722,"<="&77233298399) -> 0 | S14: =COUNTIFS(Данные!$B$2:$B$722,11,Данные!$C$2:$C$722,0,Данные!$A$2:$A$722,">="&77235124000,Данные!$A$2:$A$722,"<="&77235128499) -> 0 | T14: =COUNTIFS(Данные!$B$2:$B$722,11,Данные!$C$2:$C$722,0,Данные!$A$2:$A$722,">="&77235320000,Данные!$A$2:$A$722,"<="&77235320999) -> 0 | U14: =COUNTIFS(Данные!$B$2:$B$722,11,Данные!$C$2:$C$722,0,Данные!$A$2:$A$722,">="&77233620000,Данные!$A$2:$A$722,"<="&77233623339) -> 0 | V14: =COUNTIFS(Данные!$B$2:$B$722,11,Данные!$C$2:$C$722,0,Данные!$A$2:$A$722,">="&77233630000,Данные!$A$2:$A$722,"<="&77233630999) -> 0 | W14: =COUNTIFS(Данные!$B$2:$B$722,11,Данные!$C$2:$C$722,0,Данные!$A$2:$A$722,">="&77233637000,Данные!$A$2:$A$722,"<="&77233637599) -> 0 | X14: =COUNTIFS(Данные!$B$2:$B$722,11,Данные!$C$2:$C$722,0,Данные!$A$2:$A$722,">="&77233550000,Данные!$A$2:$A$722,"<="&77233550999) -> 0 | Y14: =COUNTIFS(Данные!$B$2:$B$722,11,Данные!$C$2:$C$722,0,Данные!$A$2:$A$722,">="&77233554000,Данные!$A$2:$A$722,"<="&77233554999) -> 0 | Z14: =COUNTIFS(Данные!$B$2:$B$722,11,Данные!$C$2:$C$722,0,Данные!$A$2:$A$722,">="&77233555000,Данные!$A$2:$A$722,"<="&77233556999) -> 0 | AA14: =COUNTIFS(Данные!$B$2:$B$722,11,Данные!$C$2:$C$722,0,Данные!$A$2:$A$722,">="&77233726000,Данные!$A$2:$A$722,"<="&77233726999) -> 0 | AB14: =COUNTIFS(Данные!$B$2:$B$722,11,Данные!$C$2:$C$722,0,Данные!$A$2:$A$722,">="&77233820000,Данные!$A$2:$A$722,"<="&77233820999) -> 0 | AC14: =COUNTIFS(Данные!$B$2:$B$722,11,Данные!$C$2:$C$722,0,Данные!$A$2:$A$722,">="&77233850000,Данные!$A$2:$A$722,"<="&77233850999) -> 0 | AD14: =COUNTIFS(Данные!$B$2:$B$722,11,Данные!$C$2:$C$722,0,Данные!$A$2:$A$722,">="&77233420000,Данные!$A$2:$A$722,"<="&77233420999) -> 0 | AE14: =COUNTIFS(Данные!$B$2:$B$722,11,Данные!$C$2:$C$722,0,Данные!$A$2:$A$722,">="&77234740000,Данные!$A$2:$A$722,"<="&77234742999) -> 0 | AF14: =COUNTIFS(Данные!$B$2:$B$722,11,Данные!$C$2:$C$722,0,Данные!$A$2:$A$722,">="&77234767000,Данные!$A$2:$A$722,"<="&77234767999) -> 0 | AG14: =COUNTIFS(Данные!$B$2:$B$722,11,Данные!$C$2:$C$722,0,Данные!$A$2:$A$722,">="&77234120000,Данные!$A$2:$A$722,"<="&77234120999) -> 0 | AH14: =COUNTIFS(Данные!$B$2:$B$722,11,Данные!$C$2:$C$722,0,Данные!$A$2:$A$722,">="&77234127000,Данные!$A$2:$A$722,"<="&77234127999) -> 0 | AI14: =COUNTIFS(Данные!$B$2:$B$722,11,Данные!$C$2:$C$722,0,Данные!$A$2:$A$722,">="&77234220000,Данные!$A$2:$A$722,"<="&77234220999) -> 0 | AJ14: =COUNTIFS(Данные!$B$2:$B$722,11,Данные!$C$2:$C$722,0,Данные!$A$2:$A$722,">="&77234250000,Данные!$A$2:$A$722,"<="&77234250999) -> 0 | AK14: =COUNTIFS(Данные!$B$2:$B$722,11,Данные!$C$2:$C$722,0,Данные!$A$2:$A$722,">="&77233922950,Данные!$A$2:$A$722,"<="&77233924999) -> 0 | AL14: =COUNTIFS(Данные!$B$2:$B$722,11,Данные!$C$2:$C$722,0,Данные!$A$2:$A$722,">="&77234320000,Данные!$A$2:$A$722,"<="&77234320999) -> 0 | AM14: =COUNTIFS(Данные!$B$2:$B$722,11,Данные!$C$2:$C$722,0,Данные!$A$2:$A$722,">="&77234350000,Данные!$A$2:$A$722,"<="&77234350999) -> 0 | AN14: =COUNTIFS(Данные!$B$2:$B$722,11,Данные!$C$2:$C$722,0,Данные!$A$2:$A$722,">="&77234020000,Данные!$A$2:$A$722,"<="&77234020999) -> 0 | AO14: =COUNTIFS(Данные!$B$2:$B$722,11,Данные!$C$2:$C$722,0,Данные!$A$2:$A$722,">="&77234029000,Данные!$A$2:$A$722,"<="&77234029999) -> 0 | AP14: =COUNTIFS(Данные!$B$2:$B$722,11,Данные!$C$2:$C$722,0,Данные!$A$2:$A$722,">="&77234050000,Данные!$A$2:$A$722,"<="&77234050999) -> 0 | AQ14: =COUNTIFS(Данные!$B$2:$B$722,11,Данные!$C$2:$C$722,0,Данные!$A$2:$A$722,">="&77234427000,Данные!$A$2:$A$722,"<="&77234428999) -> 0 | AR14: =COUNTIFS(Данные!$B$2:$B$722,11,Данные!$C$2:$C$722,0,Данные!$A$2:$A$722,">="&77234450000,Данные!$A$2:$A$722,"<="&77234450999) -> 0 | AS14: =COUNTIFS(Данные!$B$2:$B$722,11,Данные!$C$2:$C$722,0,Данные!$A$2:$A$722,">="&77234620000,Данные!$A$2:$A$722,"<="&77234620999) -> 0 | AT14: =COUNTIFS(Данные!$B$2:$B$722,11,Данные!$C$2:$C$722,0,Данные!$A$2:$A$722,">="&77234650000,Данные!$A$2:$A$722,"<="&77234650999) -> 0 | AU14: =COUNTIFS(Данные!$B$2:$B$722,11,Данные!$C$2:$C$722,0,Данные!$A$2:$A$722,">="&77234820000,Данные!$A$2:$A$722,"<="&77234820999) -> 0 | AV14: =COUNTIFS(Данные!$B$2:$B$722,11,Данные!$C$2:$C$722,0,Данные!$A$2:$A$722,">="&77234850000,Данные!$A$2:$A$722,"<="&77234850999) -> 0 | AW14: =COUNTIFS(Данные!$B$2:$B$722,11,Данные!$C$2:$C$722,0,Данные!$A$2:$A$722,">="&77233327000,Данные!$A$2:$A$722,"<="&77233327999) -> 0 | AX14: =COUNTIFS(Данные!$B$2:$B$722,11,Данные!$C$2:$C$722,0,Данные!$A$2:$A$722,">="&77233350000,Данные!$A$2:$A$722,"<="&77233350599) -> 0 | AY14: =COUNTIFS(Данные!$B$2:$B$722,11,Данные!$C$2:$C$722,0,Данные!$A$2:$A$722,">="&77233351000,Данные!$A$2:$A$722,"<="&77233351999) -> 0 | AZ14: =COUNTIFS(Данные!$B$2:$B$722,11,Данные!$C$2:$C$722,0,Данные!$A$2:$A$722,">="&7722440000,Данные!$A$2:$A$722,"<="&7722440999) -> 0 | BA14: =COUNTIFS(Данные!$B$2:$B$722,11,Данные!$C$2:$C$722,0,Данные!$A$2:$A$722,">="&7722442000,Данные!$A$2:$A$722,"<="&7722445659) -> 0 | BB14: =COUNTIFS(Данные!$B$2:$B$722,11,Данные!$C$2:$C$722,0,Данные!$A$2:$A$722,">="&7722450000,Данные!$A$2:$A$722,"<="&7722450199) -> 0 | BC14: =COUNTIFS(Данные!$B$2:$B$722,11,Данные!$C$2:$C$722,0,Данные!$A$2:$A$722,">="&7722451000,Данные!$A$2:$A$722,"<="&7722451374) -> 0 | BD14: =COUNTIFS(Данные!$B$2:$B$722,11,Данные!$C$2:$C$722,0,Данные!$A$2:$A$722,">="&7722452000,Данные!$A$2:$A$722,"<="&7722452299) -> 0 | BE14: =COUNTIFS(Данные!$B$2:$B$722,11,Данные!$C$2:$C$722,0,Данные!$A$2:$A$722,">="&7722453000,Данные!$A$2:$A$722,"<="&7722453816) -> 0 | BF14: =COUNTIFS(Данные!$B$2:$B$722,11,Данные!$C$2:$C$722,0,Данные!$A$2:$A$722,">="&7722454000,Данные!$A$2:$A$722,"<="&7722454099) -> 0 | BG14: =COUNTIFS(Данные!$B$2:$B$722,11,Данные!$C$2:$C$722,0,Данные!$A$2:$A$722,">="&7722458000,Данные!$A$2:$A$722,"<="&7722458999) -> 0 | BH14: =COUNTIFS(Данные!$B$2:$B$722,11,Данные!$C$2:$C$722,0,Данные!$A$2:$A$722,">="&7722630000,Данные!$A$2:$A$722,"<="&7722638549) -> 0 | BI14: =COUNTIFS(Данные!$B$2:$B$722,11,Данные!$C$2:$C$722,0,Данные!$A$2:$A$722,">="&7722639400,Данные!$A$2:$A$722,"<="&7722639899) -> 0 | BJ14: =COUNTIFS(Данные!$B$2:$B$722,11,Данные!$C$2:$C$722,0,Данные!$A$2:$A$722,">="&7725750000,Данные!$A$2:$A$722,"<="&7725750399) -> 0 | BK14: =COUNTIFS(Данные!$B$2:$B$722,11,Данные!$C$2:$C$722,0,Данные!$A$2:$A$722,">="&7723620000,Данные!$A$2:$A$722,"<="&7723621299) -> 0 | BL14: =COUNTIFS(Данные!$B$2:$B$722,11,Данные!$C$2:$C$722,0,Данные!$A$2:$A$722,">="&7723621600,Данные!$A$2:$A$722,"<="&7723623399) -> 0 | BM14: =COUNTIFS(Данные!$B$2:$B$722,11,Данные!$C$2:$C$722,0,Данные!$A$2:$A$722,">="&7725127000,Данные!$A$2:$A$722,"<="&7725127999) -> 0 | BN14: =COUNTIFS(Данные!$B$2:$B$722,11,Данные!$C$2:$C$722,0,Данные!$A$2:$A$722,">="&7723772000,Данные!$A$2:$A$722,"<="&7723724999) -> 0 | BO14: =COUNTIFS(Данные!$B$2:$B$722,11,Данные!$C$2:$C$722,0,Данные!$A$2:$A$722,">="&7723765000,Данные!$A$2:$A$722,"<="&7723765499) -> 0 | BP14: =COUNTIFS(Данные!$B$2:$B$722,11,Данные!$C$2:$C$722,0,Данные!$A$2:$A$722,">="&7723948000,Данные!$A$2:$A$722,"<="&7723948999) -> 0 | BQ14: =COUNTIFS(Данные!$B$2:$B$722,11,Данные!$C$2:$C$722,0,Данные!$A$2:$A$722,">="&7723950000,Данные!$A$2:$A$722,"<="&7723951099) -> 0 | BR14: =COUNTIFS(Данные!$B$2:$B$722,11,Данные!$C$2:$C$722,0,Данные!$A$2:$A$722,">="&7723020000,Данные!$A$2:$A$722,"<="&7723020999) -> 0 | BS14: =COUNTIFS(Данные!$B$2:$B$722,11,Данные!$C$2:$C$722,0,Данные!$A$2:$A$722,">="&7723029000,Данные!$A$2:$A$722,"<="&7723029999) -> 0 | BT14: =COUNTIFS(Данные!$B$2:$B$722,11,Данные!$C$2:$C$722,0,Данные!$A$2:$A$722,">="&7723055000,Данные!$A$2:$A$722,"<="&7723056549) -> 0 | BU14: =COUNTIFS(Данные!$B$2:$B$722,11,Данные!$C$2:$C$722,0,Данные!$A$2:$A$722,">="&7725250000,Данные!$A$2:$A$722,"<="&7725250499) -> 0 | BV14: =COUNTIFS(Данные!$B$2:$B$722,11,Данные!$C$2:$C$722,0,Данные!$A$2:$A$722,">="&7183841400,Данные!$A$2:$A$722,"<="&7183841499) -> 0 | BW14: 300 | BX14: =F14-BW14 -> -300
C15: 1 | D15: 111 | F15: =COUNTIFS(Данные!$B$2:$B$722,11,Данные!$C$2:$C$722,1) -> 0 | G15: =COUNTIFS(Данные!$B$2:$B$722,11,Данные!$C$2:$C$722,1,Данные!$A$2:$A$722,">="&77232210840,Данные!$A$2:$A$722,"<="&77232216999) -> 0 | H15: =COUNTIFS(Данные!$B$2:$B$722,11,Данные!$C$2:$C$722,1,Данные!$A$2:$A$722,">="&77232510512,Данные!$A$2:$A$722,"<="&77232519487) -> 0 | I15: =COUNTIFS(Данные!$B$2:$B$722,11,Данные!$C$2:$C$722,1,Данные!$A$2:$A$722,">="&77232524160,Данные!$A$2:$A$722,"<="&77232529999) -> 0 | J15: =COUNTIFS(Данные!$B$2:$B$722,11,Данные!$C$2:$C$722,1,Данные!$A$2:$A$722,">="&77232544000,Данные!$A$2:$A$722,"<="&77232544999) -> 0 | K15: =COUNTIFS(Данные!$B$2:$B$722,11,Данные!$C$2:$C$722,1,Данные!$A$2:$A$722,">="&77232295504,Данные!$A$2:$A$722,"<="&77232296999) -> 0 | L15: =COUNTIFS(Данные!$B$2:$B$722,11,Данные!$C$2:$C$722,1,Данные!$A$2:$A$722,">="&77232785000,Данные!$A$2:$A$722,"<="&77232789999) -> 0 | M15: =COUNTIFS(Данные!$B$2:$B$722,11,Данные!$C$2:$C$722,1,Данные!$A$2:$A$722,">="&77233150000,Данные!$A$2:$A$722,"<="&77233155999) -> 0 | N15: =COUNTIFS(Данные!$B$2:$B$722,11,Данные!$C$2:$C$722,1,Данные!$A$2:$A$722,">="&77233235000,Данные!$A$2:$A$722,"<="&77233235999) -> 0 | O15: =COUNTIFS(Данные!$B$2:$B$722,11,Данные!$C$2:$C$722,1,Данные!$A$2:$A$722,">="&77233239000,Данные!$A$2:$A$722,"<="&77233239999) -> 0 | P15: =COUNTIFS(Данные!$B$2:$B$722,11,Данные!$C$2:$C$722,1,Данные!$A$2:$A$722,">="&77233272000,Данные!$A$2:$A$722,"<="&77233272999) -> 0 | Q15: =COUNTIFS(Данные!$B$2:$B$722,11,Данные!$C$2:$C$722,1,Данные!$A$2:$A$722,">="&77233291100,Данные!$A$2:$A$722,"<="&77233292999) -> 0 | R15: =COUNTIFS(Данные!$B$2:$B$722,11,Данные!$C$2:$C$722,1,Данные!$A$2:$A$722,">="&77233297000,Данные!$A$2:$A$722,"<="&77233298399) -> 0 | S15: =COUNTIFS(Данные!$B$2:$B$722,11,Данные!$C$2:$C$722,1,Данные!$A$2:$A$722,">="&77235124000,Данные!$A$2:$A$722,"<="&77235128499) -> 0 | T15: =COUNTIFS(Данные!$B$2:$B$722,11,Данные!$C$2:$C$722,1,Данные!$A$2:$A$722,">="&77235320000,Данные!$A$2:$A$722,"<="&77235320999) -> 0 | U15: =COUNTIFS(Данные!$B$2:$B$722,11,Данные!$C$2:$C$722,1,Данные!$A$2:$A$722,">="&77233620000,Данные!$A$2:$A$722,"<="&77233623339) -> 0 | V15: =COUNTIFS(Данные!$B$2:$B$722,11,Данные!$C$2:$C$722,1,Данные!$A$2:$A$722,">="&77233630000,Данные!$A$2:$A$722,"<="&77233630999) -> 0 | W15: =COUNTIFS(Данные!$B$2:$B$722,11,Данные!$C$2:$C$722,1,Данные!$A$2:$A$722,">="&77233637000,Данные!$A$2:$A$722,"<="&77233637599) -> 0 | X15: =COUNTIFS(Данные!$B$2:$B$722,11,Данные!$C$2:$C$722,1,Данные!$A$2:$A$722,">="&77233550000,Данные!$A$2:$A$722,"<="&77233550999) -> 0 | Y15: =COUNTIFS(Данные!$B$2:$B$722,11,Данные!$C$2:$C$722,1,Данные!$A$2:$A$722,">="&77233554000,Данные!$A$2:$A$722,"<="&77233554999) -> 0 | Z15: =COUNTIFS(Данные!$B$2:$B$722,11,Данные!$C$2:$C$722,1,Данные!$A$2:$A$722,">="&77233555000,Данные!$A$2:$A$722,"<="&77233556999) -> 0 | AA15: =COUNTIFS(Данные!$B$2:$B$722,11,Данные!$C$2:$C$722,1,Данные!$A$2:$A$722,">="&77233726000,Данные!$A$2:$A$722,"<="&77233726999) -> 0 | AB15: =COUNTIFS(Данные!$B$2:$B$722,11,Данные!$C$2:$C$722,1,Данные!$A$2:$A$722,">="&77233820000,Данные!$A$2:$A$722,"<="&77233820999) -> 0 | AC15: =COUNTIFS(Данные!$B$2:$B$722,11,Данные!$C$2:$C$722,1,Данные!$A$2:$A$722,">="&77233850000,Данные!$A$2:$A$722,"<="&77233850999) -> 0 | AD15: =COUNTIFS(Данные!$B$2:$B$722,11,Данные!$C$2:$C$722,1,Данные!$A$2:$A$722,">="&77233420000,Данные!$A$2:$A$722,"<="&77233420999) -> 0 | AE15: =COUNTIFS(Данные!$B$2:$B$722,11,Данные!$C$2:$C$722,1,Данные!$A$2:$A$722,">="&77234740000,Данные!$A$2:$A$722,"<="&77234742999) -> 0 | AF15: =COUNTIFS(Данные!$B$2:$B$722,11,Данные!$C$2:$C$722,1,Данные!$A$2:$A$722,">="&77234767000,Данные!$A$2:$A$722,"<="&77234767999) -> 0 | AG15: =COUNTIFS(Данные!$B$2:$B$722,11,Данные!$C$2:$C$722,1,Данные!$A$2:$A$722,">="&77234120000,Данные!$A$2:$A$722,"<="&77234120999) -> 0 | AH15: =COUNTIFS(Данные!$B$2:$B$722,11,Данные!$C$2:$C$722,1,Данные!$A$2:$A$722,">="&77234127000,Данные!$A$2:$A$722,"<="&77234127999) -> 0 | AI15: =COUNTIFS(Данные!$B$2:$B$722,11,Данные!$C$2:$C$722,1,Данные!$A$2:$A$722,">="&77234220000,Данные!$A$2:$A$722,"<="&77234220999) -> 0 | AJ15: =COUNTIFS(Данные!$B$2:$B$722,11,Данные!$C$2:$C$722,1,Данные!$A$2:$A$722,">="&77234250000,Данные!$A$2:$A$722,"<="&77234250999) -> 0 | AK15: =COUNTIFS(Данные!$B$2:$B$722,11,Данные!$C$2:$C$722,1,Данные!$A$2:$A$722,">="&77233922950,Данные!$A$2:$A$722,"<="&77233924999) -> 0 | AL15: =COUNTIFS(Данные!$B$2:$B$722,11,Данные!$C$2:$C$722,1,Данные!$A$2:$A$722,">="&77234320000,Данные!$A$2:$A$722,"<="&77234320999) -> 0 | AM15: =COUNTIFS(Данные!$B$2:$B$722,11,Данные!$C$2:$C$722,1,Данные!$A$2:$A$722,">="&77234350000,Данные!$A$2:$A$722,"<="&77234350999) -> 0 | AN15: =COUNTIFS(Данные!$B$2:$B$722,11,Данные!$C$2:$C$722,1,Данные!$A$2:$A$722,">="&77234020000,Данные!$A$2:$A$722,"<="&77234020999) -> 0 | AO15: =COUNTIFS(Данные!$B$2:$B$722,11,Данные!$C$2:$C$722,1,Данные!$A$2:$A$722,">="&77234029000,Данные!$A$2:$A$722,"<="&77234029999) -> 0 | AP15: =COUNTIFS(Данные!$B$2:$B$722,11,Данные!$C$2:$C$722,1,Данные!$A$2:$A$722,">="&77234050000,Данные!$A$2:$A$722,"<="&77234050999) -> 0 | AQ15: =COUNTIFS(Данные!$B$2:$B$722,11,Данные!$C$2:$C$722,1,Данные!$A$2:$A$722,">="&77234427000,Данные!$A$2:$A$722,"<="&77234428999) -> 0 | AR15: =COUNTIFS(Данные!$B$2:$B$722,11,Данные!$C$2:$C$722,1,Данные!$A$2:$A$722,">="&77234450000,Данные!$A$2:$A$722,"<="&77234450999) -> 0 | AS15: =COUNTIFS(Данные!$B$2:$B$722,11,Данные!$C$2:$C$722,1,Данные!$A$2:$A$722,">="&77234620000,Данные!$A$2:$A$722,"<="&77234620999) -> 0 | AT15: =COUNTIFS(Данные!$B$2:$B$722,11,Данные!$C$2:$C$722,1,Данные!$A$2:$A$722,">="&77234650000,Данные!$A$2:$A$722,"<="&77234650999) -> 0 | AU15: =COUNTIFS(Данные!$B$2:$B$722,11,Данные!$C$2:$C$722,1,Данные!$A$2:$A$722,">="&77234820000,Данные!$A$2:$A$722,"<="&77234820999) -> 0 | AV15: =COUNTIFS(Данные!$B$2:$B$722,11,Данные!$C$2:$C$722,1,Данные!$A$2:$A$722,">="&77234850000,Данные!$A$2:$A$722,"<="&77234850999) -> 0 | AW15: =COUNTIFS(Данные!$B$2:$B$722,11,Данные!$C$2:$C$722,1,Данные!$A$2:$A$722,">="&77233327000,Данные!$A$2:$A$722,"<="&77233327999) -> 0 | AX15: =COUNTIFS(Данные!$B$2:$B$722,11,Данные!$C$2:$C$722,1,Данные!$A$2:$A$722,">="&77233350000,Данные!$A$2:$A$722,"<="&77233350599) -> 0 | AY15: =COUNTIFS(Данные!$B$2:$B$722,11,Данные!$C$2:$C$722,1,Данные!$A$2:$A$722,">="&77233351000,Данные!$A$2:$A$722,"<="&77233351999) -> 0 | AZ15: =COUNTIFS(Данные!$B$2:$B$722,11,Данные!$C$2:$C$722,1,Данные!$A$2:$A$722,">="&7722440000,Данные!$A$2:$A$722,"<="&7722440999) -> 0 | BA15: =COUNTIFS(Данные!$B$2:$B$722,11,Данные!$C$2:$C$722,1,Данные!$A$2:$A$722,">="&7722442000,Данные!$A$2:$A$722,"<="&7722445659) -> 0 | BB15: =COUNTIFS(Данные!$B$2:$B$722,11,Данные!$C$2:$C$722,1,Данные!$A$2:$A$722,">="&7722450000,Данные!$A$2:$A$722,"<="&7722450199) -> 0 | BC15: =COUNTIFS(Данные!$B$2:$B$722,11,Данные!$C$2:$C$722,1,Данные!$A$2:$A$722,">="&7722451000,Данные!$A$2:$A$722,"<="&7722451374) -> 0 | BD15: =COUNTIFS(Данные!$B$2:$B$722,11,Данные!$C$2:$C$722,1,Данные!$A$2:$A$722,">="&7722452000,Данные!$A$2:$A$722,"<="&7722452299) -> 0 | BE15: =COUNTIFS(Данные!$B$2:$B$722,11,Данные!$C$2:$C$722,1,Данные!$A$2:$A$722,">="&7722453000,Данные!$A$2:$A$722,"<="&7722453816) -> 0 | BF15: =COUNTIFS(Данные!$B$2:$B$722,11,Данные!$C$2:$C$722,1,Данные!$A$2:$A$722,">="&7722454000,Данные!$A$2:$A$722,"<="&7722454099) -> 0 | BG15: =COUNTIFS(Данные!$B$2:$B$722,11,Данные!$C$2:$C$722,1,Данные!$A$2:$A$722,">="&7722458000,Данные!$A$2:$A$722,"<="&7722458999) -> 0 | BH15: =COUNTIFS(Данные!$B$2:$B$722,11,Данные!$C$2:$C$722,1,Данные!$A$2:$A$722,">="&7722630000,Данные!$A$2:$A$722,"<="&7722638549) -> 0 | BI15: =COUNTIFS(Данные!$B$2:$B$722,11,Данные!$C$2:$C$722,1,Данные!$A$2:$A$722,">="&7722639400,Данные!$A$2:$A$722,"<="&7722639899) -> 0 | BJ15: =COUNTIFS(Данные!$B$2:$B$722,11,Данные!$C$2:$C$722,1,Данные!$A$2:$A$722,">="&7725750000,Данные!$A$2:$A$722,"<="&7725750399) -> 0 | BK15: =COUNTIFS(Данные!$B$2:$B$722,11,Данные!$C$2:$C$722,1,Данные!$A$2:$A$722,">="&7723620000,Данные!$A$2:$A$722,"<="&7723621299) -> 0 | BL15: =COUNTIFS(Данные!$B$2:$B$722,11,Данные!$C$2:$C$722,1,Данные!$A$2:$A$722,">="&7723621600,Данные!$A$2:$A$722,"<="&7723623399) -> 0 | BM15: =COUNTIFS(Данные!$B$2:$B$722,11,Данные!$C$2:$C$722,1,Данные!$A$2:$A$722,">="&7725127000,Данные!$A$2:$A$722,"<="&7725127999) -> 0 | BN15: =COUNTIFS(Данные!$B$2:$B$722,11,Данные!$C$2:$C$722,1,Данные!$A$2:$A$722,">="&7723772000,Данные!$A$2:$A$722,"<="&7723724999) -> 0 | BO15: =COUNTIFS(Данные!$B$2:$B$722,11,Данные!$C$2:$C$722,1,Данные!$A$2:$A$722,">="&7723765000,Данные!$A$2:$A$722,"<="&7723765499) -> 0 | BP15: =COUNTIFS(Данные!$B$2:$B$722,11,Данные!$C$2:$C$722,1,Данные!$A$2:$A$722,">="&7723948000,Данные!$A$2:$A$722,"<="&7723948999) -> 0 | BQ15: =COUNTIFS(Данные!$B$2:$B$722,11,Данные!$C$2:$C$722,1,Данные!$A$2:$A$722,">="&7723950000,Данные!$A$2:$A$722,"<="&7723951099) -> 0 | BR15: =COUNTIFS(Данные!$B$2:$B$722,11,Данные!$C$2:$C$722,1,Данные!$A$2:$A$722,">="&7723020000,Данные!$A$2:$A$722,"<="&7723020999) -> 0 | BS15: =COUNTIFS(Данные!$B$2:$B$722,11,Данные!$C$2:$C$722,1,Данные!$A$2:$A$722,">="&7723029000,Данные!$A$2:$A$722,"<="&7723029999) -> 0 | BT15: =COUNTIFS(Данные!$B$2:$B$722,11,Данные!$C$2:$C$722,1,Данные!$A$2:$A$722,">="&7723055000,Данные!$A$2:$A$722,"<="&7723056549) -> 0 | BU15: =COUNTIFS(Данные!$B$2:$B$722,11,Данные!$C$2:$C$722,1,Данные!$A$2:$A$722,">="&7725250000,Данные!$A$2:$A$722,"<="&7725250499) -> 0 | BV15: =COUNTIFS(Данные!$B$2:$B$722,11,Данные!$C$2:$C$722,1,Данные!$A$2:$A$722,">="&7183841400,Данные!$A$2:$A$722,"<="&7183841499) -> 0 | BW15: 300 | BX15: =F15-BW15 -> -300
C16: 2 | D16: 112 | F16: =COUNTIFS(Данные!$B$2:$B$722,11,Данные!$C$2:$C$722,2) -> 0 | G16: =COUNTIFS(Данные!$B$2:$B$722,11,Данные!$C$2:$C$722,2,Данные!$A$2:$A$722,">="&77232210840,Данные!$A$2:$A$722,"<="&77232216999) -> 0 | H16: =COUNTIFS(Данные!$B$2:$B$722,11,Данные!$C$2:$C$722,2,Данные!$A$2:$A$722,">="&77232510512,Данные!$A$2:$A$722,"<="&77232519487) -> 0 | I16: =COUNTIFS(Данные!$B$2:$B$722,11,Данные!$C$2:$C$722,2,Данные!$A$2:$A$722,">="&77232524160,Данные!$A$2:$A$722,"<="&77232529999) -> 0 | J16: =COUNTIFS(Данные!$B$2:$B$722,11,Данные!$C$2:$C$722,2,Данные!$A$2:$A$722,">="&77232544000,Данные!$A$2:$A$722,"<="&77232544999) -> 0 | K16: =COUNTIFS(Данные!$B$2:$B$722,11,Данные!$C$2:$C$722,2,Данные!$A$2:$A$722,">="&77232295504,Данные!$A$2:$A$722,"<="&77232296999) -> 0 | L16: =COUNTIFS(Данные!$B$2:$B$722,11,Данные!$C$2:$C$722,2,Данные!$A$2:$A$722,">="&77232785000,Данные!$A$2:$A$722,"<="&77232789999) -> 0 | M16: =COUNTIFS(Данные!$B$2:$B$722,11,Данные!$C$2:$C$722,2,Данные!$A$2:$A$722,">="&77233150000,Данные!$A$2:$A$722,"<="&77233155999) -> 0 | N16: =COUNTIFS(Данные!$B$2:$B$722,11,Данные!$C$2:$C$722,2,Данные!$A$2:$A$722,">="&77233235000,Данные!$A$2:$A$722,"<="&77233235999) -> 0 | O16: =COUNTIFS(Данные!$B$2:$B$722,11,Данные!$C$2:$C$722,2,Данные!$A$2:$A$722,">="&77233239000,Данные!$A$2:$A$722,"<="&77233239999) -> 0 | P16: =COUNTIFS(Данные!$B$2:$B$722,11,Данные!$C$2:$C$722,2,Данные!$A$2:$A$722,">="&77233272000,Данные!$A$2:$A$722,"<="&77233272999) -> 0 | Q16: =COUNTIFS(Данные!$B$2:$B$722,11,Данные!$C$2:$C$722,2,Данные!$A$2:$A$722,">="&77233291100,Данные!$A$2:$A$722,"<="&77233292999) -> 0 | R16: =COUNTIFS(Данные!$B$2:$B$722,11,Данные!$C$2:$C$722,2,Данные!$A$2:$A$722,">="&77233297000,Данные!$A$2:$A$722,"<="&77233298399) -> 0 | S16: =COUNTIFS(Данные!$B$2:$B$722,11,Данные!$C$2:$C$722,2,Данные!$A$2:$A$722,">="&77235124000,Данные!$A$2:$A$722,"<="&77235128499) -> 0 | T16: =COUNTIFS(Данные!$B$2:$B$722,11,Данные!$C$2:$C$722,2,Данные!$A$2:$A$722,">="&77235320000,Данные!$A$2:$A$722,"<="&77235320999) -> 0 | U16: =COUNTIFS(Данные!$B$2:$B$722,11,Данные!$C$2:$C$722,2,Данные!$A$2:$A$722,">="&77233620000,Данные!$A$2:$A$722,"<="&77233623339) -> 0 | V16: =COUNTIFS(Данные!$B$2:$B$722,11,Данные!$C$2:$C$722,2,Данные!$A$2:$A$722,">="&77233630000,Данные!$A$2:$A$722,"<="&77233630999) -> 0 | W16: =COUNTIFS(Данные!$B$2:$B$722,11,Данные!$C$2:$C$722,2,Данные!$A$2:$A$722,">="&77233637000,Данные!$A$2:$A$722,"<="&77233637599) -> 0 | X16: =COUNTIFS(Данные!$B$2:$B$722,11,Данные!$C$2:$C$722,2,Данные!$A$2:$A$722,">="&77233550000,Данные!$A$2:$A$722,"<="&77233550999) -> 0 | Y16: =COUNTIFS(Данные!$B$2:$B$722,11,Данные!$C$2:$C$722,2,Данные!$A$2:$A$722,">="&77233554000,Данные!$A$2:$A$722,"<="&77233554999) -> 0 | Z16: =COUNTIFS(Данные!$B$2:$B$722,11,Данные!$C$2:$C$722,2,Данные!$A$2:$A$722,">="&77233555000,Данные!$A$2:$A$722,"<="&77233556999) -> 0 | AA16: =COUNTIFS(Данные!$B$2:$B$722,11,Данные!$C$2:$C$722,2,Данные!$A$2:$A$722,">="&77233726000,Данные!$A$2:$A$722,"<="&77233726999) -> 0 | AB16: =COUNTIFS(Данные!$B$2:$B$722,11,Данные!$C$2:$C$722,2,Данные!$A$2:$A$722,">="&77233820000,Данные!$A$2:$A$722,"<="&77233820999) -> 0 | AC16: =COUNTIFS(Данные!$B$2:$B$722,11,Данные!$C$2:$C$722,2,Данные!$A$2:$A$722,">="&77233850000,Данные!$A$2:$A$722,"<="&77233850999) -> 0 | AD16: =COUNTIFS(Данные!$B$2:$B$722,11,Данные!$C$2:$C$722,2,Данные!$A$2:$A$722,">="&77233420000,Данные!$A$2:$A$722,"<="&77233420999) -> 0 | AE16: =COUNTIFS(Данные!$B$2:$B$722,11,Данные!$C$2:$C$722,2,Данные!$A$2:$A$722,">="&77234740000,Данные!$A$2:$A$722,"<="&77234742999) -> 0 | AF16: =COUNTIFS(Данные!$B$2:$B$722,11,Данные!$C$2:$C$722,2,Данные!$A$2:$A$722,">="&77234767000,Данные!$A$2:$A$722,"<="&77234767999) -> 0 | AG16: =COUNTIFS(Данные!$B$2:$B$722,11,Данные!$C$2:$C$722,2,Данные!$A$2:$A$722,">="&77234120000,Данные!$A$2:$A$722,"<="&77234120999) -> 0 | AH16: =COUNTIFS(Данные!$B$2:$B$722,11,Данные!$C$2:$C$722,2,Данные!$A$2:$A$722,">="&77234127000,Данные!$A$2:$A$722,"<="&77234127999) -> 0 | AI16: =COUNTIFS(Данные!$B$2:$B$722,11,Данные!$C$2:$C$722,2,Данные!$A$2:$A$722,">="&77234220000,Данные!$A$2:$A$722,"<="&77234220999) -> 0 | AJ16: =COUNTIFS(Данные!$B$2:$B$722,11,Данные!$C$2:$C$722,2,Данные!$A$2:$A$722,">="&77234250000,Данные!$A$2:$A$722,"<="&77234250999) -> 0 | AK16: =COUNTIFS(Данные!$B$2:$B$722,11,Данные!$C$2:$C$722,2,Данные!$A$2:$A$722,">="&77233922950,Данные!$A$2:$A$722,"<="&77233924999) -> 0 | AL16: =COUNTIFS(Данные!$B$2:$B$722,11,Данные!$C$2:$C$722,2,Данные!$A$2:$A$722,">="&77234320000,Данные!$A$2:$A$722,"<="&77234320999) -> 0 | AM16: =COUNTIFS(Данные!$B$2:$B$722,11,Данные!$C$2:$C$722,2,Данные!$A$2:$A$722,">="&77234350000,Данные!$A$2:$A$722,"<="&77234350999) -> 0 | AN16: =COUNTIFS(Данные!$B$2:$B$722,11,Данные!$C$2:$C$722,2,Данные!$A$2:$A$722,">="&77234020000,Данные!$A$2:$A$722,"<="&77234020999) -> 0 | AO16: =COUNTIFS(Данные!$B$2:$B$722,11,Данные!$C$2:$C$722,2,Данные!$A$2:$A$722,">="&77234029000,Данные!$A$2:$A$722,"<="&77234029999) -> 0 | AP16: =COUNTIFS(Данные!$B$2:$B$722,11,Данные!$C$2:$C$722,2,Данные!$A$2:$A$722,">="&77234050000,Данные!$A$2:$A$722,"<="&77234050999) -> 0 | AQ16: =COUNTIFS(Данные!$B$2:$B$722,11,Данные!$C$2:$C$722,2,Данные!$A$2:$A$722,">="&77234427000,Данные!$A$2:$A$722,"<="&77234428999) -> 0 | AR16: =COUNTIFS(Данные!$B$2:$B$722,11,Данные!$C$2:$C$722,2,Данные!$A$2:$A$722,">="&77234450000,Данные!$A$2:$A$722,"<="&77234450999) -> 0 | AS16: =COUNTIFS(Данные!$B$2:$B$722,11,Данные!$C$2:$C$722,2,Данные!$A$2:$A$722,">="&77234620000,Данные!$A$2:$A$722,"<="&77234620999) -> 0 | AT16: =COUNTIFS(Данные!$B$2:$B$722,11,Данные!$C$2:$C$722,2,Данные!$A$2:$A$722,">="&77234650000,Данные!$A$2:$A$722,"<="&77234650999) -> 0 | AU16: =COUNTIFS(Данные!$B$2:$B$722,11,Данные!$C$2:$C$722,2,Данные!$A$2:$A$722,">="&77234820000,Данные!$A$2:$A$722,"<="&77234820999) -> 0 | AV16: =COUNTIFS(Данные!$B$2:$B$722,11,Данные!$C$2:$C$722,2,Данные!$A$2:$A$722,">="&77234850000,Данные!$A$2:$A$722,"<="&77234850999) -> 0 | AW16: =COUNTIFS(Данные!$B$2:$B$722,11,Данные!$C$2:$C$722,2,Данные!$A$2:$A$722,">="&77233327000,Данные!$A$2:$A$722,"<="&77233327999) -> 0 | AX16: =COUNTIFS(Данные!$B$2:$B$722,11,Данные!$C$2:$C$722,2,Данные!$A$2:$A$722,">="&77233350000,Данные!$A$2:$A$722,"<="&77233350599) -> 0 | AY16: =COUNTIFS(Данные!$B$2:$B$722,11,Данные!$C$2:$C$722,2,Данные!$A$2:$A$722,">="&77233351000,Данные!$A$2:$A$722,"<="&77233351999) -> 0 | AZ16: =COUNTIFS(Данные!$B$2:$B$722,11,Данные!$C$2:$C$722,2,Данные!$A$2:$A$722,">="&7722440000,Данные!$A$2:$A$722,"<="&7722440999) -> 0 | BA16: =COUNTIFS(Данные!$B$2:$B$722,11,Данные!$C$2:$C$722,2,Данные!$A$2:$A$722,">="&7722442000,Данные!$A$2:$A$722,"<="&7722445659) -> 0 | BB16: =COUNTIFS(Данные!$B$2:$B$722,11,Данные!$C$2:$C$722,2,Данные!$A$2:$A$722,">="&7722450000,Данные!$A$2:$A$722,"<="&7722450199) -> 0 | BC16: =COUNTIFS(Данные!$B$2:$B$722,11,Данные!$C$2:$C$722,2,Данные!$A$2:$A$722,">="&7722451000,Данные!$A$2:$A$722,"<="&7722451374) -> 0 | BD16: =COUNTIFS(Данные!$B$2:$B$722,11,Данные!$C$2:$C$722,2,Данные!$A$2:$A$722,">="&7722452000,Данные!$A$2:$A$722,"<="&7722452299) -> 0 | BE16: =COUNTIFS(Данные!$B$2:$B$722,11,Данные!$C$2:$C$722,2,Данные!$A$2:$A$722,">="&7722453000,Данные!$A$2:$A$722,"<="&7722453816) -> 0 | BF16: =COUNTIFS(Данные!$B$2:$B$722,11,Данные!$C$2:$C$722,2,Данные!$A$2:$A$722,">="&7722454000,Данные!$A$2:$A$722,"<="&7722454099) -> 0 | BG16: =COUNTIFS(Данные!$B$2:$B$722,11,Данные!$C$2:$C$722,2,Данные!$A$2:$A$722,">="&7722458000,Данные!$A$2:$A$722,"<="&7722458999) -> 0 | BH16: =COUNTIFS(Данные!$B$2:$B$722,11,Данные!$C$2:$C$722,2,Данные!$A$2:$A$722,">="&7722630000,Данные!$A$2:$A$722,"<="&7722638549) -> 0 | BI16: =COUNTIFS(Данные!$B$2:$B$722,11,Данные!$C$2:$C$722,2,Данные!$A$2:$A$722,">="&7722639400,Данные!$A$2:$A$722,"<="&7722639899) -> 0 | BJ16: =COUNTIFS(Данные!$B$2:$B$722,11,Данные!$C$2:$C$722,2,Данные!$A$2:$A$722,">="&7725750000,Данные!$A$2:$A$722,"<="&7725750399) -> 0 | BK16: =COUNTIFS(Данные!$B$2:$B$722,11,Данные!$C$2:$C$722,2,Данные!$A$2:$A$722,">="&7723620000,Данные!$A$2:$A$722,"<="&7723621299) -> 0 | BL16: =COUNTIFS(Данные!$B$2:$B$722,11,Данные!$C$2:$C$722,2,Данные!$A$2:$A$722,">="&7723621600,Данные!$A$2:$A$722,"<="&7723623399) -> 0 | BM16: =COUNTIFS(Данные!$B$2:$B$722,11,Данные!$C$2:$C$722,2,Данные!$A$2:$A$722,">="&7725127000,Данные!$A$2:$A$722,"<="&7725127999) -> 0 | BN16: =COUNTIFS(Данные!$B$2:$B$722,11,Данные!$C$2:$C$722,2,Данные!$A$2:$A$722,">="&7723772000,Данные!$A$2:$A$722,"<="&7723724999) -> 0 | BO16: =COUNTIFS(Данные!$B$2:$B$722,11,Данные!$C$2:$C$722,2,Данные!$A$2:$A$722,">="&7723765000,Данные!$A$2:$A$722,"<="&7723765499) -> 0 | BP16: =COUNTIFS(Данные!$B$2:$B$722,11,Данные!$C$2:$C$722,2,Данные!$A$2:$A$722,">="&7723948000,Данные!$A$2:$A$722,"<="&7723948999) -> 0 | BQ16: =COUNTIFS(Данные!$B$2:$B$722,11,Данные!$C$2:$C$722,2,Данные!$A$2:$A$722,">="&7723950000,Данные!$A$2:$A$722,"<="&7723951099) -> 0 | BR16: =COUNTIFS(Данные!$B$2:$B$722,11,Данные!$C$2:$C$722,2,Данные!$A$2:$A$722,">="&7723020000,Данные!$A$2:$A$722,"<="&7723020999) -> 0 | BS16: =COUNTIFS(Данные!$B$2:$B$722,11,Данные!$C$2:$C$722,2,Данные!$A$2:$A$722,">="&7723029000,Данные!$A$2:$A$722,"<="&7723029999) -> 0 | BT16: =COUNTIFS(Данные!$B$2:$B$722,11,Данные!$C$2:$C$722,2,Данные!$A$2:$A$722,">="&7723055000,Данные!$A$2:$A$722,"<="&7723056549) -> 0 | BU16: =COUNTIFS(Данные!$B$2:$B$722,11,Данные!$C$2:$C$722,2,Данные!$A$2:$A$722,">="&7725250000,Данные!$A$2:$A$722,"<="&7725250499) -> 0 | BV16: =COUNTIFS(Данные!$B$2:$B$722,11,Данные!$C$2:$C$722,2,Данные!$A$2:$A$722,">="&7183841400,Данные!$A$2:$A$722,"<="&7183841499) -> 0 | BW16: 300 | BX16: =F16-BW16 -> -300
A17: 12 | B17: Орел | C17: 0 | D17: 120 | E17: =SUM(F17:F19) -> 0 | F17: =COUNTIFS(Данные!$B$2:$B$722,12,Данные!$C$2:$C$722,0) -> 0 | G17: =COUNTIFS(Данные!$B$2:$B$722,12,Данные!$C$2:$C$722,0,Данные!$A$2:$A$722,">="&77232210840,Данные!$A$2:$A$722,"<="&77232216999) -> 0 | H17: =COUNTIFS(Данные!$B$2:$B$722,12,Данные!$C$2:$C$722,0,Данные!$A$2:$A$722,">="&77232510512,Данные!$A$2:$A$722,"<="&77232519487) -> 0 | I17: =COUNTIFS(Данные!$B$2:$B$722,12,Данные!$C$2:$C$722,0,Данные!$A$2:$A$722,">="&77232524160,Данные!$A$2:$A$722,"<="&77232529999) -> 0 | J17: =COUNTIFS(Данные!$B$2:$B$722,12,Данные!$C$2:$C$722,0,Данные!$A$2:$A$722,">="&77232544000,Данные!$A$2:$A$722,"<="&77232544999) -> 0 | K17: =COUNTIFS(Данные!$B$2:$B$722,12,Данные!$C$2:$C$722,0,Данные!$A$2:$A$722,">="&77232295504,Данные!$A$2:$A$722,"<="&77232296999) -> 0 | L17: =COUNTIFS(Данные!$B$2:$B$722,12,Данные!$C$2:$C$722,0,Данные!$A$2:$A$722,">="&77232785000,Данные!$A$2:$A$722,"<="&77232789999) -> 0 | M17: =COUNTIFS(Данные!$B$2:$B$722,12,Данные!$C$2:$C$722,0,Данные!$A$2:$A$722,">="&77233150000,Данные!$A$2:$A$722,"<="&77233155999) -> 0 | N17: =COUNTIFS(Данные!$B$2:$B$722,12,Данные!$C$2:$C$722,0,Данные!$A$2:$A$722,">="&77233235000,Данные!$A$2:$A$722,"<="&77233235999) -> 0 | O17: =COUNTIFS(Данные!$B$2:$B$722,12,Данные!$C$2:$C$722,0,Данные!$A$2:$A$722,">="&77233239000,Данные!$A$2:$A$722,"<="&77233239999) -> 0 | P17: =COUNTIFS(Данные!$B$2:$B$722,12,Данные!$C$2:$C$722,0,Данные!$A$2:$A$722,">="&77233272000,Данные!$A$2:$A$722,"<="&77233272999) -> 0 | Q17: =COUNTIFS(Данные!$B$2:$B$722,12,Данные!$C$2:$C$722,0,Данные!$A$2:$A$722,">="&77233291100,Данные!$A$2:$A$722,"<="&77233292999) -> 0 | R17: =COUNTIFS(Данные!$B$2:$B$722,12,Данные!$C$2:$C$722,0,Данные!$A$2:$A$722,">="&77233297000,Данные!$A$2:$A$722,"<="&77233298399) -> 0 | S17: =COUNTIFS(Данные!$B$2:$B$722,12,Данные!$C$2:$C$722,0,Данные!$A$2:$A$722,">="&77235124000,Данные!$A$2:$A$722,"<="&77235128499) -> 0 | T17: =COUNTIFS(Данные!$B$2:$B$722,12,Данные!$C$2:$C$722,0,Данные!$A$2:$A$722,">="&77235320000,Данные!$A$2:$A$722,"<="&77235320999) -> 0 | U17: =COUNTIFS(Данные!$B$2:$B$722,12,Данные!$C$2:$C$722,0,Данные!$A$2:$A$722,">="&77233620000,Данные!$A$2:$A$722,"<="&77233623339) -> 0 | V17: =COUNTIFS(Данные!$B$2:$B$722,12,Данные!$C$2:$C$722,0,Данные!$A$2:$A$722,">="&77233630000,Данные!$A$2:$A$722,"<="&77233630999) -> 0 | W17: =COUNTIFS(Данные!$B$2:$B$722,12,Данные!$C$2:$C$722,0,Данные!$A$2:$A$722,">="&77233637000,Данные!$A$2:$A$722,"<="&77233637599) -> 0 | X17: =COUNTIFS(Данные!$B$2:$B$722,12,Данные!$C$2:$C$722,0,Данные!$A$2:$A$722,">="&77233550000,Данные!$A$2:$A$722,"<="&77233550999) -> 0 | Y17: =COUNTIFS(Данные!$B$2:$B$722,12,Данные!$C$2:$C$722,0,Данные!$A$2:$A$722,">="&77233554000,Данные!$A$2:$A$722,"<="&77233554999) -> 0 | Z17: =COUNTIFS(Данные!$B$2:$B$722,12,Данные!$C$2:$C$722,0,Данные!$A$2:$A$722,">="&77233555000,Данные!$A$2:$A$722,"<="&77233556999) -> 0 | AA17: =COUNTIFS(Данные!$B$2:$B$722,12,Данные!$C$2:$C$722,0,Данные!$A$2:$A$722,">="&77233726000,Данные!$A$2:$A$722,"<="&77233726999) -> 0 | AB17: =COUNTIFS(Данные!$B$2:$B$722,12,Данные!$C$2:$C$722,0,Данные!$A$2:$A$722,">="&77233820000,Данные!$A$2:$A$722,"<="&77233820999) -> 0 | AC17: =COUNTIFS(Данные!$B$2:$B$722,12,Данные!$C$2:$C$722,0,Данные!$A$2:$A$722,">="&77233850000,Данные!$A$2:$A$722,"<="&77233850999) -> 0 | AD17: =COUNTIFS(Данные!$B$2:$B$722,12,Данные!$C$2:$C$722,0,Данные!$A$2:$A$722,">="&77233420000,Данные!$A$2:$A$722,"<="&77233420999) -> 0 | AE17: =COUNTIFS(Данные!$B$2:$B$722,12,Данные!$C$2:$C$722,0,Данные!$A$2:$A$722,">="&77234740000,Данные!$A$2:$A$722,"<="&77234742999) -> 0 | AF17: =COUNTIFS(Данные!$B$2:$B$722,12,Данные!$C$2:$C$722,0,Данные!$A$2:$A$722,">="&77234767000,Данные!$A$2:$A$722,"<="&77234767999) -> 0 | AG17: =COUNTIFS(Данные!$B$2:$B$722,12,Данные!$C$2:$C$722,0,Данные!$A$2:$A$722,">="&77234120000,Данные!$A$2:$A$722,"<="&77234120999) -> 0 | AH17: =COUNTIFS(Данные!$B$2:$B$722,12,Данные!$C$2:$C$722,0,Данные!$A$2:$A$722,">="&77234127000,Данные!$A$2:$A$722,"<="&77234127999) -> 0 | AI17: =COUNTIFS(Данные!$B$2:$B$722,12,Данные!$C$2:$C$722,0,Данные!$A$2:$A$722,">="&77234220000,Данные!$A$2:$A$722,"<="&77234220999) -> 0 | AJ17: =COUNTIFS(Данные!$B$2:$B$722,12,Данные!$C$2:$C$722,0,Данные!$A$2:$A$722,">="&77234250000,Данные!$A$2:$A$722,"<="&77234250999) -> 0 | AK17: =COUNTIFS(Данные!$B$2:$B$722,12,Данные!$C$2:$C$722,0,Данные!$A$2:$A$722,">="&77233922950,Данные!$A$2:$A$722,"<="&77233924999) -> 0 | AL17: =COUNTIFS(Данные!$B$2:$B$722,12,Данные!$C$2:$C$722,0,Данные!$A$2:$A$722,">="&77234320000,Данные!$A$2:$A$722,"<="&77234320999) -> 0 | AM17: =COUNTIFS(Данные!$B$2:$B$722,12,Данные!$C$2:$C$722,0,Данные!$A$2:$A$722,">="&77234350000,Данные!$A$2:$A$722,"<="&77234350999) -> 0 | AN17: =COUNTIFS(Данные!$B$2:$B$722,12,Данные!$C$2:$C$722,0,Данные!$A$2:$A$722,">="&77234020000,Данные!$A$2:$A$722,"<="&77234020999) -> 0 | AO17: =COUNTIFS(Данные!$B$2:$B$722,12,Данные!$C$2:$C$722,0,Данные!$A$2:$A$722,">="&77234029000,Данные!$A$2:$A$722,"<="&77234029999) -> 0 | AP17: =COUNTIFS(Данные!$B$2:$B$722,12,Данные!$C$2:$C$722,0,Данные!$A$2:$A$722,">="&77234050000,Данные!$A$2:$A$722,"<="&77234050999) -> 0 | AQ17: =COUNTIFS(Данные!$B$2:$B$722,12,Данные!$C$2:$C$722,0,Данные!$A$2:$A$722,">="&77234427000,Данные!$A$2:$A$722,"<="&77234428999) -> 0 | AR17: =COUNTIFS(Данные!$B$2:$B$722,12,Данные!$C$2:$C$722,0,Данные!$A$2:$A$722,">="&77234450000,Данные!$A$2:$A$722,"<="&77234450999) -> 0 | AS17: =COUNTIFS(Данные!$B$2:$B$722,12,Данные!$C$2:$C$722,0,Данные!$A$2:$A$722,">="&77234620000,Данные!$A$2:$A$722,"<="&77234620999) -> 0 | AT17: =COUNTIFS(Данные!$B$2:$B$722,12,Данные!$C$2:$C$722,0,Данные!$A$2:$A$722,">="&77234650000,Данные!$A$2:$A$722,"<="&77234650999) -> 0 | AU17: =COUNTIFS(Данные!$B$2:$B$722,12,Данные!$C$2:$C$722,0,Данные!$A$2:$A$722,">="&77234820000,Данные!$A$2:$A$722,"<="&77234820999) -> 0 | AV17: =COUNTIFS(Данные!$B$2:$B$722,12,Данные!$C$2:$C$722,0,Данные!$A$2:$A$722,">="&77234850000,Данные!$A$2:$A$722,"<="&77234850999) -> 0 | AW17: =COUNTIFS(Данные!$B$2:$B$722,12,Данные!$C$2:$C$722,0,Данные!$A$2:$A$722,">="&77233327000,Данные!$A$2:$A$722,"<="&77233327999) -> 0 | AX17: =COUNTIFS(Данные!$B$2:$B$722,12,Данные!$C$2:$C$722,0,Данные!$A$2:$A$722,">="&77233350000,Данные!$A$2:$A$722,"<="&77233350599) -> 0 | AY17: =COUNTIFS(Данные!$B$2:$B$722,12,Данные!$C$2:$C$722,0,Данные!$A$2:$A$722,">="&77233351000,Данные!$A$2:$A$722,"<="&77233351999) -> 0 | AZ17: =COUNTIFS(Данные!$B$2:$B$722,12,Данные!$C$2:$C$722,0,Данные!$A$2:$A$722,">="&7722440000,Данные!$A$2:$A$722,"<="&7722440999) -> 0 | BA17: =COUNTIFS(Данные!$B$2:$B$722,12,Данные!$C$2:$C$722,0,Данные!$A$2:$A$722,">="&7722442000,Данные!$A$2:$A$722,"<="&7722445659) -> 0 | BB17: =COUNTIFS(Данные!$B$2:$B$722,12,Данные!$C$2:$C$722,0,Данные!$A$2:$A$722,">="&7722450000,Данные!$A$2:$A$722,"<="&7722450199) -> 0 | BC17: =COUNTIFS(Данные!$B$2:$B$722,12,Данные!$C$2:$C$722,0,Данные!$A$2:$A$722,">="&7722451000,Данные!$A$2:$A$722,"<="&7722451374) -> 0 | BD17: =COUNTIFS(Данные!$B$2:$B$722,12,Данные!$C$2:$C$722,0,Данные!$A$2:$A$722,">="&7722452000,Данные!$A$2:$A$722,"<="&7722452299) -> 0 | BE17: =COUNTIFS(Данные!$B$2:$B$722,12,Данные!$C$2:$C$722,0,Данные!$A$2:$A$722,">="&7722453000,Данные!$A$2:$A$722,"<="&7722453816) -> 0 | BF17: =COUNTIFS(Данные!$B$2:$B$722,12,Данные!$C$2:$C$722,0,Данные!$A$2:$A$722,">="&7722454000,Данные!$A$2:$A$722,"<="&7722454099) -> 0 | BG17: =COUNTIFS(Данные!$B$2:$B$722,12,Данные!$C$2:$C$722,0,Данные!$A$2:$A$722,">="&7722458000,Данные!$A$2:$A$722,"<="&7722458999) -> 0 | BH17: =COUNTIFS(Данные!$B$2:$B$722,12,Данные!$C$2:$C$722,0,Данные!$A$2:$A$722,">="&7722630000,Данные!$A$2:$A$722,"<="&7722638549) -> 0 | BI17: =COUNTIFS(Данные!$B$2:$B$722,12,Данные!$C$2:$C$722,0,Данные!$A$2:$A$722,">="&7722639400,Данные!$A$2:$A$722,"<="&7722639899) -> 0 | BJ17: =COUNTIFS(Данные!$B$2:$B$722,12,Данные!$C$2:$C$722,0,Данные!$A$2:$A$722,">="&7725750000,Данные!$A$2:$A$722,"<="&7725750399) -> 0 | BK17: =COUNTIFS(Данные!$B$2:$B$722,12,Данные!$C$2:$C$722,0,Данные!$A$2:$A$722,">="&7723620000,Данные!$A$2:$A$722,"<="&7723621299) -> 0 | BL17: =COUNTIFS(Данные!$B$2:$B$722,12,Данные!$C$2:$C$722,0,Данные!$A$2:$A$722,">="&7723621600,Данные!$A$2:$A$722,"<="&7723623399) -> 0 | BM17: =COUNTIFS(Данные!$B$2:$B$722,12,Данные!$C$2:$C$722,0,Данные!$A$2:$A$722,">="&7725127000,Данные!$A$2:$A$722,"<="&7725127999) -> 0 | BN17: =COUNTIFS(Данные!$B$2:$B$722,12,Данные!$C$2:$C$722,0,Данные!$A$2:$A$722,">="&7723772000,Данные!$A$2:$A$722,"<="&7723724999) -> 0 | BO17: =COUNTIFS(Данные!$B$2:$B$722,12,Данные!$C$2:$C$722,0,Данные!$A$2:$A$722,">="&7723765000,Данные!$A$2:$A$722,"<="&7723765499) -> 0 | BP17: =COUNTIFS(Данные!$B$2:$B$722,12,Данные!$C$2:$C$722,0,Данные!$A$2:$A$722,">="&7723948000,Данные!$A$2:$A$722,"<="&7723948999) -> 0 | BQ17: =COUNTIFS(Данные!$B$2:$B$722,12,Данные!$C$2:$C$722,0,Данные!$A$2:$A$722,">="&7723950000,Данные!$A$2:$A$722,"<="&7723951099) -> 0 | BR17: =COUNTIFS(Данные!$B$2:$B$722,12,Данные!$C$2:$C$722,0,Данные!$A$2:$A$722,">="&7723020000,Данные!$A$2:$A$722,"<="&7723020999) -> 0 | BS17: =COUNTIFS(Данные!$B$2:$B$722,12,Данные!$C$2:$C$722,0,Данные!$A$2:$A$722,">="&7723029000,Данные!$A$2:$A$722,"<="&7723029999) -> 0 | BT17: =COUNTIFS(Данные!$B$2:$B$722,12,Данные!$C$2:$C$722,0,Данные!$A$2:$A$722,">="&7723055000,Данные!$A$2:$A$722,"<="&7723056549) -> 0 | BU17: =COUNTIFS(Данные!$B$2:$B$722,12,Данные!$C$2:$C$722,0,Данные!$A$2:$A$722,">="&7725250000,Данные!$A$2:$A$722,"<="&7725250499) -> 0 | BV17: =COUNTIFS(Данные!$B$2:$B$722,12,Данные!$C$2:$C$722,0,Данные!$A$2:$A$722,">="&7183841400,Данные!$A$2:$A$722,"<="&7183841499) -> 0 | BW17: 300 | BX17: =F17-BW17 -> -300
C18: 1 | D18: 121 | F18: =COUNTIFS(Данные!$B$2:$B$722,12,Данные!$C$2:$C$722,1) -> 0 | G18: =COUNTIFS(Данные!$B$2:$B$722,12,Данные!$C$2:$C$722,1,Данные!$A$2:$A$722,">="&77232210840,Данные!$A$2:$A$722,"<="&77232216999) -> 0 | H18: =COUNTIFS(Данные!$B$2:$B$722,12,Данные!$C$2:$C$722,1,Данные!$A$2:$A$722,">="&77232510512,Данные!$A$2:$A$722,"<="&77232519487) -> 0 | I18: =COUNTIFS(Данные!$B$2:$B$722,12,Данные!$C$2:$C$722,1,Данные!$A$2:$A$722,">="&77232524160,Данные!$A$2:$A$722,"<="&77232529999) -> 0 | J18: =COUNTIFS(Данные!$B$2:$B$722,12,Данные!$C$2:$C$722,1,Данные!$A$2:$A$722,">="&77232544000,Данные!$A$2:$A$722,"<="&77232544999) -> 0 | K18: =COUNTIFS(Данные!$B$2:$B$722,12,Данные!$C$2:$C$722,1,Данные!$A$2:$A$722,">="&77232295504,Данные!$A$2:$A$722,"<="&77232296999) -> 0 | L18: =COUNTIFS(Данные!$B$2:$B$722,12,Данные!$C$2:$C$722,1,Данные!$A$2:$A$722,">="&77232785000,Данные!$A$2:$A$722,"<="&77232789999) -> 0 | M18: =COUNTIFS(Данные!$B$2:$B$722,12,Данные!$C$2:$C$722,1,Данные!$A$2:$A$722,">="&77233150000,Данные!$A$2:$A$722,"<="&77233155999) -> 0 | N18: =COUNTIFS(Данные!$B$2:$B$722,12,Данные!$C$2:$C$722,1,Данные!$A$2:$A$722,">="&77233235000,Данные!$A$2:$A$722,"<="&77233235999) -> 0 | O18: =COUNTIFS(Данные!$B$2:$B$722,12,Данные!$C$2:$C$722,1,Данные!$A$2:$A$722,">="&77233239000,Данные!$A$2:$A$722,"<="&77233239999) -> 0 | P18: =COUNTIFS(Данные!$B$2:$B$722,12,Данные!$C$2:$C$722,1,Данные!$A$2:$A$722,">="&77233272000,Данные!$A$2:$A$722,"<="&77233272999) -> 0 | Q18: =COUNTIFS(Данные!$B$2:$B$722,12,Данные!$C$2:$C$722,1,Данные!$A$2:$A$722,">="&77233291100,Данные!$A$2:$A$722,"<="&77233292999) -> 0 | R18: =COUNTIFS(Данные!$B$2:$B$722,12,Данные!$C$2:$C$722,1,Данные!$A$2:$A$722,">="&77233297000,Данные!$A$2:$A$722,"<="&77233298399) -> 0 | S18: =COUNTIFS(Данные!$B$2:$B$722,12,Данные!$C$2:$C$722,1,Данные!$A$2:$A$722,">="&77235124000,Данные!$A$2:$A$722,"<="&77235128499) -> 0 | T18: =COUNTIFS(Данные!$B$2:$B$722,12,Данные!$C$2:$C$722,1,Данные!$A$2:$A$722,">="&77235320000,Данные!$A$2:$A$722,"<="&77235320999) -> 0 | U18: =COUNTIFS(Данные!$B$2:$B$722,12,Данные!$C$2:$C$722,1,Данные!$A$2:$A$722,">="&77233620000,Данные!$A$2:$A$722,"<="&77233623339) -> 0 | V18: =COUNTIFS(Данные!$B$2:$B$722,12,Данные!$C$2:$C$722,1,Данные!$A$2:$A$722,">="&77233630000,Данные!$A$2:$A$722,"<="&77233630999) -> 0 | W18: =COUNTIFS(Данные!$B$2:$B$722,12,Данные!$C$2:$C$722,1,Данные!$A$2:$A$722,">="&77233637000,Данные!$A$2:$A$722,"<="&77233637599) -> 0 | X18: =COUNTIFS(Данные!$B$2:$B$722,12,Данные!$C$2:$C$722,1,Данные!$A$2:$A$722,">="&77233550000,Данные!$A$2:$A$722,"<="&77233550999) -> 0 | Y18: =COUNTIFS(Данные!$B$2:$B$722,12,Данные!$C$2:$C$722,1,Данные!$A$2:$A$722,">="&77233554000,Данные!$A$2:$A$722,"<="&77233554999) -> 0 | Z18: =COUNTIFS(Данные!$B$2:$B$722,12,Данные!$C$2:$C$722,1,Данные!$A$2:$A$722,">="&77233555000,Данные!$A$2:$A$722,"<="&77233556999) -> 0 | AA18: =COUNTIFS(Данные!$B$2:$B$722,12,Данные!$C$2:$C$722,1,Данные!$A$2:$A$722,">="&77233726000,Данные!$A$2:$A$722,"<="&77233726999) -> 0 | AB18: =COUNTIFS(Данные!$B$2:$B$722,12,Данные!$C$2:$C$722,1,Данные!$A$2:$A$722,">="&77233820000,Данные!$A$2:$A$722,"<="&77233820999) -> 0 | AC18: =COUNTIFS(Данные!$B$2:$B$722,12,Данные!$C$2:$C$722,1,Данные!$A$2:$A$722,">="&77233850000,Данные!$A$2:$A$722,"<="&77233850999) -> 0 | AD18: =COUNTIFS(Данные!$B$2:$B$722,12,Данные!$C$2:$C$722,1,Данные!$A$2:$A$722,">="&77233420000,Данные!$A$2:$A$722,"<="&77233420999) -> 0 | AE18: =COUNTIFS(Данные!$B$2:$B$722,12,Данные!$C$2:$C$722,1,Данные!$A$2:$A$722,">="&77234740000,Данные!$A$2:$A$722,"<="&77234742999) -> 0 | AF18: =COUNTIFS(Данные!$B$2:$B$722,12,Данные!$C$2:$C$722,1,Данные!$A$2:$A$722,">="&77234767000,Данные!$A$2:$A$722,"<="&77234767999) -> 0 | AG18: =COUNTIFS(Данные!$B$2:$B$722,12,Данные!$C$2:$C$722,1,Данные!$A$2:$A$722,">="&77234120000,Данные!$A$2:$A$722,"<="&77234120999) -> 0 | AH18: =COUNTIFS(Данные!$B$2:$B$722,12,Данные!$C$2:$C$722,1,Данные!$A$2:$A$722,">="&77234127000,Данные!$A$2:$A$722,"<="&77234127999) -> 0 | AI18: =COUNTIFS(Данные!$B$2:$B$722,12,Данные!$C$2:$C$722,1,Данные!$A$2:$A$722,">="&77234220000,Данные!$A$2:$A$722,"<="&77234220999) -> 0 | AJ18: =COUNTIFS(Данные!$B$2:$B$722,12,Данные!$C$2:$C$722,1,Данные!$A$2:$A$722,">="&77234250000,Данные!$A$2:$A$722,"<="&77234250999) -> 0 | AK18: =COUNTIFS(Данные!$B$2:$B$722,12,Данные!$C$2:$C$722,1,Данные!$A$2:$A$722,">="&77233922950,Данные!$A$2:$A$722,"<="&77233924999) -> 0 | AL18: =COUNTIFS(Данные!$B$2:$B$722,12,Данные!$C$2:$C$722,1,Данные!$A$2:$A$722,">="&77234320000,Данные!$A$2:$A$722,"<="&77234320999) -> 0 | AM18: =COUNTIFS(Данные!$B$2:$B$722,12,Данные!$C$2:$C$722,1,Данные!$A$2:$A$722,">="&77234350000,Данные!$A$2:$A$722,"<="&77234350999) -> 0 | AN18: =COUNTIFS(Данные!$B$2:$B$722,12,Данные!$C$2:$C$722,1,Данные!$A$2:$A$722,">="&77234020000,Данные!$A$2:$A$722,"<="&77234020999) -> 0 | AO18: =COUNTIFS(Данные!$B$2:$B$722,12,Данные!$C$2:$C$722,1,Данные!$A$2:$A$722,">="&77234029000,Данные!$A$2:$A$722,"<="&77234029999) -> 0 | AP18: =COUNTIFS(Данные!$B$2:$B$722,12,Данные!$C$2:$C$722,1,Данные!$A$2:$A$722,">="&77234050000,Данные!$A$2:$A$722,"<="&77234050999) -> 0 | AQ18: =COUNTIFS(Данные!$B$2:$B$722,12,Данные!$C$2:$C$722,1,Данные!$A$2:$A$722,">="&77234427000,Данные!$A$2:$A$722,"<="&77234428999) -> 0 | AR18: =COUNTIFS(Данные!$B$2:$B$722,12,Данные!$C$2:$C$722,1,Данные!$A$2:$A$722,">="&77234450000,Данные!$A$2:$A$722,"<="&77234450999) -> 0 | AS18: =COUNTIFS(Данные!$B$2:$B$722,12,Данные!$C$2:$C$722,1,Данные!$A$2:$A$722,">="&77234620000,Данные!$A$2:$A$722,"<="&77234620999) -> 0 | AT18: =COUNTIFS(Данные!$B$2:$B$722,12,Данные!$C$2:$C$722,1,Данные!$A$2:$A$722,">="&77234650000,Данные!$A$2:$A$722,"<="&77234650999) -> 0 | AU18: =COUNTIFS(Данные!$B$2:$B$722,12,Данные!$C$2:$C$722,1,Данные!$A$2:$A$722,">="&77234820000,Данные!$A$2:$A$722,"<="&77234820999) -> 0 | AV18: =COUNTIFS(Данные!$B$2:$B$722,12,Данные!$C$2:$C$722,1,Данные!$A$2:$A$722,">="&77234850000,Данные!$A$2:$A$722,"<="&77234850999) -> 0 | AW18: =COUNTIFS(Данные!$B$2:$B$722,12,Данные!$C$2:$C$722,1,Данные!$A$2:$A$722,">="&77233327000,Данные!$A$2:$A$722,"<="&77233327999) -> 0 | AX18: =COUNTIFS(Данные!$B$2:$B$722,12,Данные!$C$2:$C$722,1,Данные!$A$2:$A$722,">="&77233350000,Данные!$A$2:$A$722,"<="&77233350599) -> 0 | AY18: =COUNTIFS(Данные!$B$2:$B$722,12,Данные!$C$2:$C$722,1,Данные!$A$2:$A$722,">="&77233351000,Данные!$A$2:$A$722,"<="&77233351999) -> 0 | AZ18: =COUNTIFS(Данные!$B$2:$B$722,12,Данные!$C$2:$C$722,1,Данные!$A$2:$A$722,">="&7722440000,Данные!$A$2:$A$722,"<="&7722440999) -> 0 | BA18: =COUNTIFS(Данные!$B$2:$B$722,12,Данные!$C$2:$C$722,1,Данные!$A$2:$A$722,">="&7722442000,Данные!$A$2:$A$722,"<="&7722445659) -> 0 | BB18: =COUNTIFS(Данные!$B$2:$B$722,12,Данные!$C$2:$C$722,1,Данные!$A$2:$A$722,">="&7722450000,Данные!$A$2:$A$722,"<="&7722450199) -> 0 | BC18: =COUNTIFS(Данные!$B$2:$B$722,12,Данные!$C$2:$C$722,1,Данные!$A$2:$A$722,">="&7722451000,Данные!$A$2:$A$722,"<="&7722451374) -> 0 | BD18: =COUNTIFS(Данные!$B$2:$B$722,12,Данные!$C$2:$C$722,1,Данные!$A$2:$A$722,">="&7722452000,Данные!$A$2:$A$722,"<="&7722452299) -> 0 | BE18: =COUNTIFS(Данные!$B$2:$B$722,12,Данные!$C$2:$C$722,1,Данные!$A$2:$A$722,">="&7722453000,Данные!$A$2:$A$722,"<="&7722453816) -> 0 | BF18: =COUNTIFS(Данные!$B$2:$B$722,12,Данные!$C$2:$C$722,1,Данные!$A$2:$A$722,">="&7722454000,Данные!$A$2:$A$722,"<="&7722454099) -> 0 | BG18: =COUNTIFS(Данные!$B$2:$B$722,12,Данные!$C$2:$C$722,1,Данные!$A$2:$A$722,">="&7722458000,Данные!$A$2:$A$722,"<="&7722458999) -> 0 | BH18: =COUNTIFS(Данные!$B$2:$B$722,12,Данные!$C$2:$C$722,1,Данные!$A$2:$A$722,">="&7722630000,Данные!$A$2:$A$722,"<="&7722638549) -> 0 | BI18: =COUNTIFS(Данные!$B$2:$B$722,12,Данные!$C$2:$C$722,1,Данные!$A$2:$A$722,">="&7722639400,Данные!$A$2:$A$722,"<="&7722639899) -> 0 | BJ18: =COUNTIFS(Данные!$B$2:$B$722,12,Данные!$C$2:$C$722,1,Данные!$A$2:$A$722,">="&7725750000,Данные!$A$2:$A$722,"<="&7725750399) -> 0 | BK18: =COUNTIFS(Данные!$B$2:$B$722,12,Данные!$C$2:$C$722,1,Данные!$A$2:$A$722,">="&7723620000,Данные!$A$2:$A$722,"<="&7723621299) -> 0 | BL18: =COUNTIFS(Данные!$B$2:$B$722,12,Данные!$C$2:$C$722,1,Данные!$A$2:$A$722,">="&7723621600,Данные!$A$2:$A$722,"<="&7723623399) -> 0 | BM18: =COUNTIFS(Данные!$B$2:$B$722,12,Данные!$C$2:$C$722,1,Данные!$A$2:$A$722,">="&7725127000,Данные!$A$2:$A$722,"<="&7725127999) -> 0 | BN18: =COUNTIFS(Данные!$B$2:$B$722,12,Данные!$C$2:$C$722,1,Данные!$A$2:$A$722,">="&7723772000,Данные!$A$2:$A$722,"<="&7723724999) -> 0 | BO18: =COUNTIFS(Данные!$B$2:$B$722,12,Данные!$C$2:$C$722,1,Данные!$A$2:$A$722,">="&7723765000,Данные!$A$2:$A$722,"<="&7723765499) -> 0 | BP18: =COUNTIFS(Данные!$B$2:$B$722,12,Данные!$C$2:$C$722,1,Данные!$A$2:$A$722,">="&7723948000,Данные!$A$2:$A$722,"<="&7723948999) -> 0 | BQ18: =COUNTIFS(Данные!$B$2:$B$722,12,Данные!$C$2:$C$722,1,Данные!$A$2:$A$722,">="&7723950000,Данные!$A$2:$A$722,"<="&7723951099) -> 0 | BR18: =COUNTIFS(Данные!$B$2:$B$722,12,Данные!$C$2:$C$722,1,Данные!$A$2:$A$722,">="&7723020000,Данные!$A$2:$A$722,"<="&7723020999) -> 0 | BS18: =COUNTIFS(Данные!$B$2:$B$722,12,Данные!$C$2:$C$722,1,Данные!$A$2:$A$722,">="&7723029000,Данные!$A$2:$A$722,"<="&7723029999) -> 0 | BT18: =COUNTIFS(Данные!$B$2:$B$722,12,Данные!$C$2:$C$722,1,Данные!$A$2:$A$722,">="&7723055000,Данные!$A$2:$A$722,"<="&7723056549) -> 0 | BU18: =COUNTIFS(Данные!$B$2:$B$722,12,Данные!$C$2:$C$722,1,Данные!$A$2:$A$722,">="&7725250000,Данные!$A$2:$A$722,"<="&7725250499) -> 0 | BV18: =COUNTIFS(Данные!$B$2:$B$722,12,Данные!$C$2:$C$722,1,Данные!$A$2:$A$722,">="&7183841400,Данные!$A$2:$A$722,"<="&7183841499) -> 0 | BW18: 300 | BX18: =F18-BW18 -> -300
C19: 2 | D19: 122 | F19: =COUNTIFS(Данные!$B$2:$B$722,12,Данные!$C$2:$C$722,2) -> 0 | G19: =COUNTIFS(Данные!$B$2:$B$722,12,Данные!$C$2:$C$722,2,Данные!$A$2:$A$722,">="&77232210840,Данные!$A$2:$A$722,"<="&77232216999) -> 0 | H19: =COUNTIFS(Данные!$B$2:$B$722,12,Данные!$C$2:$C$722,2,Данные!$A$2:$A$722,">="&77232510512,Данные!$A$2:$A$722,"<="&77232519487) -> 0 | I19: =COUNTIFS(Данные!$B$2:$B$722,12,Данные!$C$2:$C$722,2,Данные!$A$2:$A$722,">="&77232524160,Данные!$A$2:$A$722,"<="&77232529999) -> 0 | J19: =COUNTIFS(Данные!$B$2:$B$722,12,Данные!$C$2:$C$722,2,Данные!$A$2:$A$722,">="&77232544000,Данные!$A$2:$A$722,"<="&77232544999) -> 0 | K19: =COUNTIFS(Данные!$B$2:$B$722,12,Данные!$C$2:$C$722,2,Данные!$A$2:$A$722,">="&77232295504,Данные!$A$2:$A$722,"<="&77232296999) -> 0 | L19: =COUNTIFS(Данные!$B$2:$B$722,12,Данные!$C$2:$C$722,2,Данные!$A$2:$A$722,">="&77232785000,Данные!$A$2:$A$722,"<="&77232789999) -> 0 | M19: =COUNTIFS(Данные!$B$2:$B$722,12,Данные!$C$2:$C$722,2,Данные!$A$2:$A$722,">="&77233150000,Данные!$A$2:$A$722,"<="&77233155999) -> 0 | N19: =COUNTIFS(Данные!$B$2:$B$722,12,Данные!$C$2:$C$722,2,Данные!$A$2:$A$722,">="&77233235000,Данные!$A$2:$A$722,"<="&77233235999) -> 0 | O19: =COUNTIFS(Данные!$B$2:$B$722,12,Данные!$C$2:$C$722,2,Данные!$A$2:$A$722,">="&77233239000,Данные!$A$2:$A$722,"<="&77233239999) -> 0 | P19: =COUNTIFS(Данные!$B$2:$B$722,12,Данные!$C$2:$C$722,2,Данные!$A$2:$A$722,">="&77233272000,Данные!$A$2:$A$722,"<="&77233272999) -> 0 | Q19: =COUNTIFS(Данные!$B$2:$B$722,12,Данные!$C$2:$C$722,2,Данные!$A$2:$A$722,">="&77233291100,Данные!$A$2:$A$722,"<="&77233292999) -> 0 | R19: =COUNTIFS(Данные!$B$2:$B$722,12,Данные!$C$2:$C$722,2,Данные!$A$2:$A$722,">="&77233297000,Данные!$A$2:$A$722,"<="&77233298399) -> 0 | S19: =COUNTIFS(Данные!$B$2:$B$722,12,Данные!$C$2:$C$722,2,Данные!$A$2:$A$722,">="&77235124000,Данные!$A$2:$A$722,"<="&77235128499) -> 0 | T19: =COUNTIFS(Данные!$B$2:$B$722,12,Данные!$C$2:$C$722,2,Данные!$A$2:$A$722,">="&77235320000,Данные!$A$2:$A$722,"<="&77235320999) -> 0 | U19: =COUNTIFS(Данные!$B$2:$B$722,12,Данные!$C$2:$C$722,2,Данные!$A$2:$A$722,">="&77233620000,Данные!$A$2:$A$722,"<="&77233623339) -> 0 | V19: =COUNTIFS(Данные!$B$2:$B$722,12,Данные!$C$2:$C$722,2,Данные!$A$2:$A$722,">="&77233630000,Данные!$A$2:$A$722,"<="&77233630999) -> 0 | W19: =COUNTIFS(Данные!$B$2:$B$722,12,Данные!$C$2:$C$722,2,Данные!$A$2:$A$722,">="&77233637000,Данные!$A$2:$A$722,"<="&77233637599) -> 0 | X19: =COUNTIFS(Данные!$B$2:$B$722,12,Данные!$C$2:$C$722,2,Данные!$A$2:$A$722,">="&77233550000,Данные!$A$2:$A$722,"<="&77233550999) -> 0 | Y19: =COUNTIFS(Данные!$B$2:$B$722,12,Данные!$C$2:$C$722,2,Данные!$A$2:$A$722,">="&77233554000,Данные!$A$2:$A$722,"<="&77233554999) -> 0 | Z19: =COUNTIFS(Данные!$B$2:$B$722,12,Данные!$C$2:$C$722,2,Данные!$A$2:$A$722,">="&77233555000,Данные!$A$2:$A$722,"<="&77233556999) -> 0 | AA19: =COUNTIFS(Данные!$B$2:$B$722,12,Данные!$C$2:$C$722,2,Данные!$A$2:$A$722,">="&77233726000,Данные!$A$2:$A$722,"<="&77233726999) -> 0 | AB19: =COUNTIFS(Данные!$B$2:$B$722,12,Данные!$C$2:$C$722,2,Данные!$A$2:$A$722,">="&77233820000,Данные!$A$2:$A$722,"<="&77233820999) -> 0 | AC19: =COUNTIFS(Данные!$B$2:$B$722,12,Данные!$C$2:$C$722,2,Данные!$A$2:$A$722,">="&77233850000,Данные!$A$2:$A$722,"<="&77233850999) -> 0 | AD19: =COUNTIFS(Данные!$B$2:$B$722,12,Данные!$C$2:$C$722,2,Данные!$A$2:$A$722,">="&77233420000,Данные!$A$2:$A$722,"<="&77233420999) -> 0 | AE19: =COUNTIFS(Данные!$B$2:$B$722,12,Данные!$C$2:$C$722,2,Данные!$A$2:$A$722,">="&77234740000,Данные!$A$2:$A$722,"<="&77234742999) -> 0 | AF19: =COUNTIFS(Данные!$B$2:$B$722,12,Данные!$C$2:$C$722,2,Данные!$A$2:$A$722,">="&77234767000,Данные!$A$2:$A$722,"<="&77234767999) -> 0 | AG19: =COUNTIFS(Данные!$B$2:$B$722,12,Данные!$C$2:$C$722,2,Данные!$A$2:$A$722,">="&77234120000,Данные!$A$2:$A$722,"<="&77234120999) -> 0 | AH19: =COUNTIFS(Данные!$B$2:$B$722,12,Данные!$C$2:$C$722,2,Данные!$A$2:$A$722,">="&77234127000,Данные!$A$2:$A$722,"<="&77234127999) -> 0 | AI19: =COUNTIFS(Данные!$B$2:$B$722,12,Данные!$C$2:$C$722,2,Данные!$A$2:$A$722,">="&77234220000,Данные!$A$2:$A$722,"<="&77234220999) -> 0 | AJ19: =COUNTIFS(Данные!$B$2:$B$722,12,Данные!$C$2:$C$722,2,Данные!$A$2:$A$722,">="&77234250000,Данные!$A$2:$A$722,"<="&77234250999) -> 0 | AK19: =COUNTIFS(Данные!$B$2:$B$722,12,Данные!$C$2:$C$722,2,Данные!$A$2:$A$722,">="&77233922950,Данные!$A$2:$A$722,"<="&77233924999) -> 0 | AL19: =COUNTIFS(Данные!$B$2:$B$722,12,Данные!$C$2:$C$722,2,Данные!$A$2:$A$722,">="&77234320000,Данные!$A$2:$A$722,"<="&77234320999) -> 0 | AM19: =COUNTIFS(Данные!$B$2:$B$722,12,Данные!$C$2:$C$722,2,Данные!$A$2:$A$722,">="&77234350000,Данные!$A$2:$A$722,"<="&77234350999) -> 0 | AN19: =COUNTIFS(Данные!$B$2:$B$722,12,Данные!$C$2:$C$722,2,Данные!$A$2:$A$722,">="&77234020000,Данные!$A$2:$A$722,"<="&77234020999) -> 0 | AO19: =COUNTIFS(Данные!$B$2:$B$722,12,Данные!$C$2:$C$722,2,Данные!$A$2:$A$722,">="&77234029000,Данные!$A$2:$A$722,"<="&77234029999) -> 0 | AP19: =COUNTIFS(Данные!$B$2:$B$722,12,Данные!$C$2:$C$722,2,Данные!$A$2:$A$722,">="&77234050000,Данные!$A$2:$A$722,"<="&77234050999) -> 0 | AQ19: =COUNTIFS(Данные!$B$2:$B$722,12,Данные!$C$2:$C$722,2,Данные!$A$2:$A$722,">="&77234427000,Данные!$A$2:$A$722,"<="&77234428999) -> 0 | AR19: =COUNTIFS(Данные!$B$2:$B$722,12,Данные!$C$2:$C$722,2,Данные!$A$2:$A$722,">="&77234450000,Данные!$A$2:$A$722,"<="&77234450999) -> 0 | AS19: =COUNTIFS(Данные!$B$2:$B$722,12,Данные!$C$2:$C$722,2,Данные!$A$2:$A$722,">="&77234620000,Данные!$A$2:$A$722,"<="&77234620999) -> 0 | AT19: =COUNTIFS(Данные!$B$2:$B$722,12,Данные!$C$2:$C$722,2,Данные!$A$2:$A$722,">="&77234650000,Данные!$A$2:$A$722,"<="&77234650999) -> 0 | AU19: =COUNTIFS(Данные!$B$2:$B$722,12,Данные!$C$2:$C$722,2,Данные!$A$2:$A$722,">="&77234820000,Данные!$A$2:$A$722,"<="&77234820999) -> 0 | AV19: =COUNTIFS(Данные!$B$2:$B$722,12,Данные!$C$2:$C$722,2,Данные!$A$2:$A$722,">="&77234850000,Данные!$A$2:$A$722,"<="&77234850999) -> 0 | AW19: =COUNTIFS(Данные!$B$2:$B$722,12,Данные!$C$2:$C$722,2,Данные!$A$2:$A$722,">="&77233327000,Данные!$A$2:$A$722,"<="&77233327999) -> 0 | AX19: =COUNTIFS(Данные!$B$2:$B$722,12,Данные!$C$2:$C$722,2,Данные!$A$2:$A$722,">="&77233350000,Данные!$A$2:$A$722,"<="&77233350599) -> 0 | AY19: =COUNTIFS(Данные!$B$2:$B$722,12,Данные!$C$2:$C$722,2,Данные!$A$2:$A$722,">="&77233351000,Данные!$A$2:$A$722,"<="&77233351999) -> 0 | AZ19: =COUNTIFS(Данные!$B$2:$B$722,12,Данные!$C$2:$C$722,2,Данные!$A$2:$A$722,">="&7722440000,Данные!$A$2:$A$722,"<="&7722440999) -> 0 | BA19: =COUNTIFS(Данные!$B$2:$B$722,12,Данные!$C$2:$C$722,2,Данные!$A$2:$A$722,">="&7722442000,Данные!$A$2:$A$722,"<="&7722445659) -> 0 | BB19: =COUNTIFS(Данные!$B$2:$B$722,12,Данные!$C$2:$C$722,2,Данные!$A$2:$A$722,">="&7722450000,Данные!$A$2:$A$722,"<="&7722450199) -> 0 | BC19: =COUNTIFS(Данные!$B$2:$B$722,12,Данные!$C$2:$C$722,2,Данные!$A$2:$A$722,">="&7722451000,Данные!$A$2:$A$722,"<="&7722451374) -> 0 | BD19: =COUNTIFS(Данные!$B$2:$B$722,12,Данные!$C$2:$C$722,2,Данные!$A$2:$A$722,">="&7722452000,Данные!$A$2:$A$722,"<="&7722452299) -> 0 | BE19: =COUNTIFS(Данные!$B$2:$B$722,12,Данные!$C$2:$C$722,2,Данные!$A$2:$A$722,">="&7722453000,Данные!$A$2:$A$722,"<="&7722453816) -> 0 | BF19: =COUNTIFS(Данные!$B$2:$B$722,12,Данные!$C$2:$C$722,2,Данные!$A$2:$A$722,">="&7722454000,Данные!$A$2:$A$722,"<="&7722454099) -> 0 | BG19: =COUNTIFS(Данные!$B$2:$B$722,12,Данные!$C$2:$C$722,2,Данные!$A$2:$A$722,">="&7722458000,Данные!$A$2:$A$722,"<="&7722458999) -> 0 | BH19: =COUNTIFS(Данные!$B$2:$B$722,12,Данные!$C$2:$C$722,2,Данные!$A$2:$A$722,">="&7722630000,Данные!$A$2:$A$722,"<="&7722638549) -> 0 | BI19: =COUNTIFS(Данные!$B$2:$B$722,12,Данные!$C$2:$C$722,2,Данные!$A$2:$A$722,">="&7722639400,Данные!$A$2:$A$722,"<="&7722639899) -> 0 | BJ19: =COUNTIFS(Данные!$B$2:$B$722,12,Данные!$C$2:$C$722,2,Данные!$A$2:$A$722,">="&7725750000,Данные!$A$2:$A$722,"<="&7725750399) -> 0 | BK19: =COUNTIFS(Данные!$B$2:$B$722,12,Данные!$C$2:$C$722,2,Данные!$A$2:$A$722,">="&7723620000,Данные!$A$2:$A$722,"<="&7723621299) -> 0 | BL19: =COUNTIFS(Данные!$B$2:$B$722,12,Данные!$C$2:$C$722,2,Данные!$A$2:$A$722,">="&7723621600,Данные!$A$2:$A$722,"<="&7723623399) -> 0 | BM19: =COUNTIFS(Данные!$B$2:$B$722,12,Данные!$C$2:$C$722,2,Данные!$A$2:$A$722,">="&7725127000,Данные!$A$2:$A$722,"<="&7725127999) -> 0 | BN19: =COUNTIFS(Данные!$B$2:$B$722,12,Данные!$C$2:$C$722,2,Данные!$A$2:$A$722,">="&7723772000,Данные!$A$2:$A$722,"<="&7723724999) -> 0 | BO19: =COUNTIFS(Данные!$B$2:$B$722,12,Данные!$C$2:$C$722,2,Данные!$A$2:$A$722,">="&7723765000,Данные!$A$2:$A$722,"<="&7723765499) -> 0 | BP19: =COUNTIFS(Данные!$B$2:$B$722,12,Данные!$C$2:$C$722,2,Данные!$A$2:$A$722,">="&7723948000,Данные!$A$2:$A$722,"<="&7723948999) -> 0 | BQ19: =COUNTIFS(Данные!$B$2:$B$722,12,Данные!$C$2:$C$722,2,Данные!$A$2:$A$722,">="&7723950000,Данные!$A$2:$A$722,"<="&7723951099) -> 0 | BR19: =COUNTIFS(Данные!$B$2:$B$722,12,Данные!$C$2:$C$722,2,Данные!$A$2:$A$722,">="&7723020000,Данные!$A$2:$A$722,"<="&7723020999) -> 0 | BS19: =COUNTIFS(Данные!$B$2:$B$722,12,Данные!$C$2:$C$722,2,Данные!$A$2:$A$722,">="&7723029000,Данные!$A$2:$A$722,"<="&7723029999) -> 0 | BT19: =COUNTIFS(Данные!$B$2:$B$722,12,Данные!$C$2:$C$722,2,Данные!$A$2:$A$722,">="&7723055000,Данные!$A$2:$A$722,"<="&7723056549) -> 0 | BU19: =COUNTIFS(Данные!$B$2:$B$722,12,Данные!$C$2:$C$722,2,Данные!$A$2:$A$722,">="&7725250000,Данные!$A$2:$A$722,"<="&7725250499) -> 0 | BV19: =COUNTIFS(Данные!$B$2:$B$722,12,Данные!$C$2:$C$722,2,Данные!$A$2:$A$722,">="&7183841400,Данные!$A$2:$A$722,"<="&7183841499) -> 0 | BW19: 300 | BX19: =F19-BW19 -> -300
A20: 13 | B20: Северная | C20: 0 | D20: 130 | E20: =SUM(F20:F22) -> 0 | F20: =COUNTIFS(Данные!$B$2:$B$722,13,Данные!$C$2:$C$722,0) -> 0 | G20: =COUNTIFS(Данные!$B$2:$B$722,13,Данные!$C$2:$C$722,0,Данные!$A$2:$A$722,">="&77232210840,Данные!$A$2:$A$722,"<="&77232216999) -> 0 | H20: =COUNTIFS(Данные!$B$2:$B$722,13,Данные!$C$2:$C$722,0,Данные!$A$2:$A$722,">="&77232510512,Данные!$A$2:$A$722,"<="&77232519487) -> 0 | I20: =COUNTIFS(Данные!$B$2:$B$722,13,Данные!$C$2:$C$722,0,Данные!$A$2:$A$722,">="&77232524160,Данные!$A$2:$A$722,"<="&77232529999) -> 0 | J20: =COUNTIFS(Данные!$B$2:$B$722,13,Данные!$C$2:$C$722,0,Данные!$A$2:$A$722,">="&77232544000,Данные!$A$2:$A$722,"<="&77232544999) -> 0 | K20: =COUNTIFS(Данные!$B$2:$B$722,13,Данные!$C$2:$C$722,0,Данные!$A$2:$A$722,">="&77232295504,Данные!$A$2:$A$722,"<="&77232296999) -> 0 | L20: =COUNTIFS(Данные!$B$2:$B$722,13,Данные!$C$2:$C$722,0,Данные!$A$2:$A$722,">="&77232785000,Данные!$A$2:$A$722,"<="&77232789999) -> 0 | M20: =COUNTIFS(Данные!$B$2:$B$722,13,Данные!$C$2:$C$722,0,Данные!$A$2:$A$722,">="&77233150000,Данные!$A$2:$A$722,"<="&77233155999) -> 0 | N20: =COUNTIFS(Данные!$B$2:$B$722,13,Данные!$C$2:$C$722,0,Данные!$A$2:$A$722,">="&77233235000,Данные!$A$2:$A$722,"<="&77233235999) -> 0 | O20: =COUNTIFS(Данные!$B$2:$B$722,13,Данные!$C$2:$C$722,0,Данные!$A$2:$A$722,">="&77233239000,Данные!$A$2:$A$722,"<="&77233239999) -> 0 | P20: =COUNTIFS(Данные!$B$2:$B$722,13,Данные!$C$2:$C$722,0,Данные!$A$2:$A$722,">="&77233272000,Данные!$A$2:$A$722,"<="&77233272999) -> 0 | Q20: =COUNTIFS(Данные!$B$2:$B$722,13,Данные!$C$2:$C$722,0,Данные!$A$2:$A$722,">="&77233291100,Данные!$A$2:$A$722,"<="&77233292999) -> 0 | R20: =COUNTIFS(Данные!$B$2:$B$722,13,Данные!$C$2:$C$722,0,Данные!$A$2:$A$722,">="&77233297000,Данные!$A$2:$A$722,"<="&77233298399) -> 0 | S20: =COUNTIFS(Данные!$B$2:$B$722,13,Данные!$C$2:$C$722,0,Данные!$A$2:$A$722,">="&77235124000,Данные!$A$2:$A$722,"<="&77235128499) -> 0 | T20: =COUNTIFS(Данные!$B$2:$B$722,13,Данные!$C$2:$C$722,0,Данные!$A$2:$A$722,">="&77235320000,Данные!$A$2:$A$722,"<="&77235320999) -> 0 | U20: =COUNTIFS(Данные!$B$2:$B$722,13,Данные!$C$2:$C$722,0,Данные!$A$2:$A$722,">="&77233620000,Данные!$A$2:$A$722,"<="&77233623339) -> 0 | V20: =COUNTIFS(Данные!$B$2:$B$722,13,Данные!$C$2:$C$722,0,Данные!$A$2:$A$722,">="&77233630000,Данные!$A$2:$A$722,"<="&77233630999) -> 0 | W20: =COUNTIFS(Данные!$B$2:$B$722,13,Данные!$C$2:$C$722,0,Данные!$A$2:$A$722,">="&77233637000,Данные!$A$2:$A$722,"<="&77233637599) -> 0 | X20: =COUNTIFS(Данные!$B$2:$B$722,13,Данные!$C$2:$C$722,0,Данные!$A$2:$A$722,">="&77233550000,Данные!$A$2:$A$722,"<="&77233550999) -> 0 | Y20: =COUNTIFS(Данные!$B$2:$B$722,13,Данные!$C$2:$C$722,0,Данные!$A$2:$A$722,">="&77233554000,Данные!$A$2:$A$722,"<="&77233554999) -> 0 | Z20: =COUNTIFS(Данные!$B$2:$B$722,13,Данные!$C$2:$C$722,0,Данные!$A$2:$A$722,">="&77233555000,Данные!$A$2:$A$722,"<="&77233556999) -> 0 | AA20: =COUNTIFS(Данные!$B$2:$B$722,13,Данные!$C$2:$C$722,0,Данные!$A$2:$A$722,">="&77233726000,Данные!$A$2:$A$722,"<="&77233726999) -> 0 | AB20: =COUNTIFS(Данные!$B$2:$B$722,13,Данные!$C$2:$C$722,0,Данные!$A$2:$A$722,">="&77233820000,Данные!$A$2:$A$722,"<="&77233820999) -> 0 | AC20: =COUNTIFS(Данные!$B$2:$B$722,13,Данные!$C$2:$C$722,0,Данные!$A$2:$A$722,">="&77233850000,Данные!$A$2:$A$722,"<="&77233850999) -> 0 | AD20: =COUNTIFS(Данные!$B$2:$B$722,13,Данные!$C$2:$C$722,0,Данные!$A$2:$A$722,">="&77233420000,Данные!$A$2:$A$722,"<="&77233420999) -> 0 | AE20: =COUNTIFS(Данные!$B$2:$B$722,13,Данные!$C$2:$C$722,0,Данные!$A$2:$A$722,">="&77234740000,Данные!$A$2:$A$722,"<="&77234742999) -> 0 | AF20: =COUNTIFS(Данные!$B$2:$B$722,13,Данные!$C$2:$C$722,0,Данные!$A$2:$A$722,">="&77234767000,Данные!$A$2:$A$722,"<="&77234767999) -> 0 | AG20: =COUNTIFS(Данные!$B$2:$B$722,13,Данные!$C$2:$C$722,0,Данные!$A$2:$A$722,">="&77234120000,Данные!$A$2:$A$722,"<="&77234120999) -> 0 | AH20: =COUNTIFS(Данные!$B$2:$B$722,13,Данные!$C$2:$C$722,0,Данные!$A$2:$A$722,">="&77234127000,Данные!$A$2:$A$722,"<="&77234127999) -> 0 | AI20: =COUNTIFS(Данные!$B$2:$B$722,13,Данные!$C$2:$C$722,0,Данные!$A$2:$A$722,">="&77234220000,Данные!$A$2:$A$722,"<="&77234220999) -> 0 | AJ20: =COUNTIFS(Данные!$B$2:$B$722,13,Данные!$C$2:$C$722,0,Данные!$A$2:$A$722,">="&77234250000,Данные!$A$2:$A$722,"<="&77234250999) -> 0 | AK20: =COUNTIFS(Данные!$B$2:$B$722,13,Данные!$C$2:$C$722,0,Данные!$A$2:$A$722,">="&77233922950,Данные!$A$2:$A$722,"<="&77233924999) -> 0 | AL20: =COUNTIFS(Данные!$B$2:$B$722,13,Данные!$C$2:$C$722,0,Данные!$A$2:$A$722,">="&77234320000,Данные!$A$2:$A$722,"<="&77234320999) -> 0 | AM20: =COUNTIFS(Данные!$B$2:$B$722,13,Данные!$C$2:$C$722,0,Данные!$A$2:$A$722,">="&77234350000,Данные!$A$2:$A$722,"<="&77234350999) -> 0 | AN20: =COUNTIFS(Данные!$B$2:$B$722,13,Данные!$C$2:$C$722,0,Данные!$A$2:$A$722,">="&77234020000,Данные!$A$2:$A$722,"<="&77234020999) -> 0 | AO20: =COUNTIFS(Данные!$B$2:$B$722,13,Данные!$C$2:$C$722,0,Данные!$A$2:$A$722,">="&77234029000,Данные!$A$2:$A$722,"<="&77234029999) -> 0 | AP20: =COUNTIFS(Данные!$B$2:$B$722,13,Данные!$C$2:$C$722,0,Данные!$A$2:$A$722,">="&77234050000,Данные!$A$2:$A$722,"<="&77234050999) -> 0 | AQ20: =COUNTIFS(Данные!$B$2:$B$722,13,Данные!$C$2:$C$722,0,Данные!$A$2:$A$722,">="&77234427000,Данные!$A$2:$A$722,"<="&77234428999) -> 0 | AR20: =COUNTIFS(Данные!$B$2:$B$722,13,Данные!$C$2:$C$722,0,Данные!$A$2:$A$722,">="&77234450000,Данные!$A$2:$A$722,"<="&77234450999) -> 0 | AS20: =COUNTIFS(Данные!$B$2:$B$722,13,Данные!$C$2:$C$722,0,Данные!$A$2:$A$722,">="&77234620000,Данные!$A$2:$A$722,"<="&77234620999) -> 0 | AT20: =COUNTIFS(Данные!$B$2:$B$722,13,Данные!$C$2:$C$722,0,Данные!$A$2:$A$722,">="&77234650000,Данные!$A$2:$A$722,"<="&77234650999) -> 0 | AU20: =COUNTIFS(Данные!$B$2:$B$722,13,Данные!$C$2:$C$722,0,Данные!$A$2:$A$722,">="&77234820000,Данные!$A$2:$A$722,"<="&77234820999) -> 0 | AV20: =COUNTIFS(Данные!$B$2:$B$722,13,Данные!$C$2:$C$722,0,Данные!$A$2:$A$722,">="&77234850000,Данные!$A$2:$A$722,"<="&77234850999) -> 0 | AW20: =COUNTIFS(Данные!$B$2:$B$722,13,Данные!$C$2:$C$722,0,Данные!$A$2:$A$722,">="&77233327000,Данные!$A$2:$A$722,"<="&77233327999) -> 0 | AX20: =COUNTIFS(Данные!$B$2:$B$722,13,Данные!$C$2:$C$722,0,Данные!$A$2:$A$722,">="&77233350000,Данные!$A$2:$A$722,"<="&77233350599) -> 0 | AY20: =COUNTIFS(Данные!$B$2:$B$722,13,Данные!$C$2:$C$722,0,Данные!$A$2:$A$722,">="&77233351000,Данные!$A$2:$A$722,"<="&77233351999) -> 0 | AZ20: =COUNTIFS(Данные!$B$2:$B$722,13,Данные!$C$2:$C$722,0,Данные!$A$2:$A$722,">="&7722440000,Данные!$A$2:$A$722,"<="&7722440999) -> 0 | BA20: =COUNTIFS(Данные!$B$2:$B$722,13,Данные!$C$2:$C$722,0,Данные!$A$2:$A$722,">="&7722442000,Данные!$A$2:$A$722,"<="&7722445659) -> 0 | BB20: =COUNTIFS(Данные!$B$2:$B$722,13,Данные!$C$2:$C$722,0,Данные!$A$2:$A$722,">="&7722450000,Данные!$A$2:$A$722,"<="&7722450199) -> 0 | BC20: =COUNTIFS(Данные!$B$2:$B$722,13,Данные!$C$2:$C$722,0,Данные!$A$2:$A$722,">="&7722451000,Данные!$A$2:$A$722,"<="&7722451374) -> 0 | BD20: =COUNTIFS(Данные!$B$2:$B$722,13,Данные!$C$2:$C$722,0,Данные!$A$2:$A$722,">="&7722452000,Данные!$A$2:$A$722,"<="&7722452299) -> 0 | BE20: =COUNTIFS(Данные!$B$2:$B$722,13,Данные!$C$2:$C$722,0,Данные!$A$2:$A$722,">="&7722453000,Данные!$A$2:$A$722,"<="&7722453816) -> 0 | BF20: =COUNTIFS(Данные!$B$2:$B$722,13,Данные!$C$2:$C$722,0,Данные!$A$2:$A$722,">="&7722454000,Данные!$A$2:$A$722,"<="&7722454099) -> 0 | BG20: =COUNTIFS(Данные!$B$2:$B$722,13,Данные!$C$2:$C$722,0,Данные!$A$2:$A$722,">="&7722458000,Данные!$A$2:$A$722,"<="&7722458999) -> 0 | BH20: =COUNTIFS(Данные!$B$2:$B$722,13,Данные!$C$2:$C$722,0,Данные!$A$2:$A$722,">="&7722630000,Данные!$A$2:$A$722,"<="&7722638549) -> 0 | BI20: =COUNTIFS(Данные!$B$2:$B$722,13,Данные!$C$2:$C$722,0,Данные!$A$2:$A$722,">="&7722639400,Данные!$A$2:$A$722,"<="&7722639899) -> 0 | BJ20: =COUNTIFS(Данные!$B$2:$B$722,13,Данные!$C$2:$C$722,0,Данные!$A$2:$A$722,">="&7725750000,Данные!$A$2:$A$722,"<="&7725750399) -> 0 | BK20: =COUNTIFS(Данные!$B$2:$B$722,13,Данные!$C$2:$C$722,0,Данные!$A$2:$A$722,">="&7723620000,Данные!$A$2:$A$722,"<="&7723621299) -> 0 | BL20: =COUNTIFS(Данные!$B$2:$B$722,13,Данные!$C$2:$C$722,0,Данные!$A$2:$A$722,">="&7723621600,Данные!$A$2:$A$722,"<="&7723623399) -> 0 | BM20: =COUNTIFS(Данные!$B$2:$B$722,13,Данные!$C$2:$C$722,0,Данные!$A$2:$A$722,">="&7725127000,Данные!$A$2:$A$722,"<="&7725127999) -> 0 | BN20: =COUNTIFS(Данные!$B$2:$B$722,13,Данные!$C$2:$C$722,0,Данные!$A$2:$A$722,">="&7723772000,Данные!$A$2:$A$722,"<="&7723724999) -> 0 | BO20: =COUNTIFS(Данные!$B$2:$B$722,13,Данные!$C$2:$C$722,0,Данные!$A$2:$A$722,">="&7723765000,Данные!$A$2:$A$722,"<="&7723765499) -> 0 | BP20: =COUNTIFS(Данные!$B$2:$B$722,13,Данные!$C$2:$C$722,0,Данные!$A$2:$A$722,">="&7723948000,Данные!$A$2:$A$722,"<="&7723948999) -> 0 | BQ20: =COUNTIFS(Данные!$B$2:$B$722,13,Данные!$C$2:$C$722,0,Данные!$A$2:$A$722,">="&7723950000,Данные!$A$2:$A$722,"<="&7723951099) -> 0 | BR20: =COUNTIFS(Данные!$B$2:$B$722,13,Данные!$C$2:$C$722,0,Данные!$A$2:$A$722,">="&7723020000,Данные!$A$2:$A$722,"<="&7723020999) -> 0 | BS20: =COUNTIFS(Данные!$B$2:$B$722,13,Данные!$C$2:$C$722,0,Данные!$A$2:$A$722,">="&7723029000,Данные!$A$2:$A$722,"<="&7723029999) -> 0 | BT20: =COUNTIFS(Данные!$B$2:$B$722,13,Данные!$C$2:$C$722,0,Данные!$A$2:$A$722,">="&7723055000,Данные!$A$2:$A$722,"<="&7723056549) -> 0 | BU20: =COUNTIFS(Данные!$B$2:$B$722,13,Данные!$C$2:$C$722,0,Данные!$A$2:$A$722,">="&7725250000,Данные!$A$2:$A$722,"<="&7725250499) -> 0 | BV20: =COUNTIFS(Данные!$B$2:$B$722,13,Данные!$C$2:$C$722,0,Данные!$A$2:$A$722,">="&7183841400,Данные!$A$2:$A$722,"<="&7183841499) -> 0 | BW20: 300 | BX20: =F20-BW20 -> -300
C21: 1 | D21: 131 | F21: =COUNTIFS(Данные!$B$2:$B$722,13,Данные!$C$2:$C$722,1) -> 0 | G21: =COUNTIFS(Данные!$B$2:$B$722,13,Данные!$C$2:$C$722,1,Данные!$A$2:$A$722,">="&77232210840,Данные!$A$2:$A$722,"<="&77232216999) -> 0 | H21: =COUNTIFS(Данные!$B$2:$B$722,13,Данные!$C$2:$C$722,1,Данные!$A$2:$A$722,">="&77232510512,Данные!$A$2:$A$722,"<="&77232519487) -> 0 | I21: =COUNTIFS(Данные!$B$2:$B$722,13,Данные!$C$2:$C$722,1,Данные!$A$2:$A$722,">="&77232524160,Данные!$A$2:$A$722,"<="&77232529999) -> 0 | J21: =COUNTIFS(Данные!$B$2:$B$722,13,Данные!$C$2:$C$722,1,Данные!$A$2:$A$722,">="&77232544000,Данные!$A$2:$A$722,"<="&77232544999) -> 0 | K21: =COUNTIFS(Данные!$B$2:$B$722,13,Данные!$C$2:$C$722,1,Данные!$A$2:$A$722,">="&77232295504,Данные!$A$2:$A$722,"<="&77232296999) -> 0 | L21: =COUNTIFS(Данные!$B$2:$B$722,13,Данные!$C$2:$C$722,1,Данные!$A$2:$A$722,">="&77232785000,Данные!$A$2:$A$722,"<="&77232789999) -> 0 | M21: =COUNTIFS(Данные!$B$2:$B$722,13,Данные!$C$2:$C$722,1,Данные!$A$2:$A$722,">="&77233150000,Данные!$A$2:$A$722,"<="&77233155999) -> 0 | N21: =COUNTIFS(Данные!$B$2:$B$722,13,Данные!$C$2:$C$722,1,Данные!$A$2:$A$722,">="&77233235000,Данные!$A$2:$A$722,"<="&77233235999) -> 0 | O21: =COUNTIFS(Данные!$B$2:$B$722,13,Данные!$C$2:$C$722,1,Данные!$A$2:$A$722,">="&77233239000,Данные!$A$2:$A$722,"<="&77233239999) -> 0 | P21: =COUNTIFS(Данные!$B$2:$B$722,13,Данные!$C$2:$C$722,1,Данные!$A$2:$A$722,">="&77233272000,Данные!$A$2:$A$722,"<="&77233272999) -> 0 | Q21: =COUNTIFS(Данные!$B$2:$B$722,13,Данные!$C$2:$C$722,1,Данные!$A$2:$A$722,">="&77233291100,Данные!$A$2:$A$722,"<="&77233292999) -> 0 | R21: =COUNTIFS(Данные!$B$2:$B$722,13,Данные!$C$2:$C$722,1,Данные!$A$2:$A$722,">="&77233297000,Данные!$A$2:$A$722,"<="&77233298399) -> 0 | S21: =COUNTIFS(Данные!$B$2:$B$722,13,Данные!$C$2:$C$722,1,Данные!$A$2:$A$722,">="&77235124000,Данные!$A$2:$A$722,"<="&77235128499) -> 0 | T21: =COUNTIFS(Данные!$B$2:$B$722,13,Данные!$C$2:$C$722,1,Данные!$A$2:$A$722,">="&77235320000,Данные!$A$2:$A$722,"<="&77235320999) -> 0 | U21: =COUNTIFS(Данные!$B$2:$B$722,13,Данные!$C$2:$C$722,1,Данные!$A$2:$A$722,">="&77233620000,Данные!$A$2:$A$722,"<="&77233623339) -> 0 | V21: =COUNTIFS(Данные!$B$2:$B$722,13,Данные!$C$2:$C$722,1,Данные!$A$2:$A$722,">="&77233630000,Данные!$A$2:$A$722,"<="&77233630999) -> 0 | W21: =COUNTIFS(Данные!$B$2:$B$722,13,Данные!$C$2:$C$722,1,Данные!$A$2:$A$722,">="&77233637000,Данные!$A$2:$A$722,"<="&77233637599) -> 0 | X21: =COUNTIFS(Данные!$B$2:$B$722,13,Данные!$C$2:$C$722,1,Данные!$A$2:$A$722,">="&77233550000,Данные!$A$2:$A$722,"<="&77233550999) -> 0 | Y21: =COUNTIFS(Данные!$B$2:$B$722,13,Данные!$C$2:$C$722,1,Данные!$A$2:$A$722,">="&77233554000,Данные!$A$2:$A$722,"<="&77233554999) -> 0 | Z21: =COUNTIFS(Данные!$B$2:$B$722,13,Данные!$C$2:$C$722,1,Данные!$A$2:$A$722,">="&77233555000,Данные!$A$2:$A$722,"<="&77233556999) -> 0 | AA21: =COUNTIFS(Данные!$B$2:$B$722,13,Данные!$C$2:$C$722,1,Данные!$A$2:$A$722,">="&77233726000,Данные!$A$2:$A$722,"<="&77233726999) -> 0 | AB21: =COUNTIFS(Данные!$B$2:$B$722,13,Данные!$C$2:$C$722,1,Данные!$A$2:$A$722,">="&77233820000,Данные!$A$2:$A$722,"<="&77233820999) -> 0 | AC21: =COUNTIFS(Данные!$B$2:$B$722,13,Данные!$C$2:$C$722,1,Данные!$A$2:$A$722,">="&77233850000,Данные!$A$2:$A$722,"<="&77233850999) -> 0 | AD21: =COUNTIFS(Данные!$B$2:$B$722,13,Данные!$C$2:$C$722,1,Данные!$A$2:$A$722,">="&77233420000,Данные!$A$2:$A$722,"<="&77233420999) -> 0 | AE21: =COUNTIFS(Данные!$B$2:$B$722,13,Данные!$C$2:$C$722,1,Данные!$A$2:$A$722,">="&77234740000,Данные!$A$2:$A$722,"<="&77234742999) -> 0 | AF21: =COUNTIFS(Данные!$B$2:$B$722,13,Данные!$C$2:$C$722,1,Данные!$A$2:$A$722,">="&77234767000,Данные!$A$2:$A$722,"<="&77234767999) -> 0 | AG21: =COUNTIFS(Данные!$B$2:$B$722,13,Данные!$C$2:$C$722,1,Данные!$A$2:$A$722,">="&77234120000,Данные!$A$2:$A$722,"<="&77234120999) -> 0 | AH21: =COUNTIFS(Данные!$B$2:$B$722,13,Данные!$C$2:$C$722,1,Данные!$A$2:$A$722,">="&77234127000,Данные!$A$2:$A$722,"<="&77234127999) -> 0 | AI21: =COUNTIFS(Данные!$B$2:$B$722,13,Данные!$C$2:$C$722,1,Данные!$A$2:$A$722,">="&77234220000,Данные!$A$2:$A$722,"<="&77234220999) -> 0 | AJ21: =COUNTIFS(Данные!$B$2:$B$722,13,Данные!$C$2:$C$722,1,Данные!$A$2:$A$722,">="&77234250000,Данные!$A$2:$A$722,"<="&77234250999) -> 0 | AK21: =COUNTIFS(Данные!$B$2:$B$722,13,Данные!$C$2:$C$722,1,Данные!$A$2:$A$722,">="&77233922950,Данные!$A$2:$A$722,"<="&77233924999) -> 0 | AL21: =COUNTIFS(Данные!$B$2:$B$722,13,Данные!$C$2:$C$722,1,Данные!$A$2:$A$722,">="&77234320000,Данные!$A$2:$A$722,"<="&77234320999) -> 0 | AM21: =COUNTIFS(Данные!$B$2:$B$722,13,Данные!$C$2:$C$722,1,Данные!$A$2:$A$722,">="&77234350000,Данные!$A$2:$A$722,"<="&77234350999) -> 0 | AN21: =COUNTIFS(Данные!$B$2:$B$722,13,Данные!$C$2:$C$722,1,Данные!$A$2:$A$722,">="&77234020000,Данные!$A$2:$A$722,"<="&77234020999) -> 0 | AO21: =COUNTIFS(Данные!$B$2:$B$722,13,Данные!$C$2:$C$722,1,Данные!$A$2:$A$722,">="&77234029000,Данные!$A$2:$A$722,"<="&77234029999) -> 0 | AP21: =COUNTIFS(Данные!$B$2:$B$722,13,Данные!$C$2:$C$722,1,Данные!$A$2:$A$722,">="&77234050000,Данные!$A$2:$A$722,"<="&77234050999) -> 0 | AQ21: =COUNTIFS(Данные!$B$2:$B$722,13,Данные!$C$2:$C$722,1,Данные!$A$2:$A$722,">="&77234427000,Данные!$A$2:$A$722,"<="&77234428999) -> 0 | AR21: =COUNTIFS(Данные!$B$2:$B$722,13,Данные!$C$2:$C$722,1,Данные!$A$2:$A$722,">="&77234450000,Данные!$A$2:$A$722,"<="&77234450999) -> 0 | AS21: =COUNTIFS(Данные!$B$2:$B$722,13,Данные!$C$2:$C$722,1,Данные!$A$2:$A$722,">="&77234620000,Данные!$A$2:$A$722,"<="&77234620999) -> 0 | AT21: =COUNTIFS(Данные!$B$2:$B$722,13,Данные!$C$2:$C$722,1,Данные!$A$2:$A$722,">="&77234650000,Данные!$A$2:$A$722,"<="&77234650999) -> 0 | AU21: =COUNTIFS(Данные!$B$2:$B$722,13,Данные!$C$2:$C$722,1,Данные!$A$2:$A$722,">="&77234820000,Данные!$A$2:$A$722,"<="&77234820999) -> 0 | AV21: =COUNTIFS(Данные!$B$2:$B$722,13,Данные!$C$2:$C$722,1,Данные!$A$2:$A$722,">="&77234850000,Данные!$A$2:$A$722,"<="&77234850999) -> 0 | AW21: =COUNTIFS(Данные!$B$2:$B$722,13,Данные!$C$2:$C$722,1,Данные!$A$2:$A$722,">="&77233327000,Данные!$A$2:$A$722,"<="&77233327999) -> 0 | AX21: =COUNTIFS(Данные!$B$2:$B$722,13,Данные!$C$2:$C$722,1,Данные!$A$2:$A$722,">="&77233350000,Данные!$A$2:$A$722,"<="&77233350599) -> 0 | AY21: =COUNTIFS(Данные!$B$2:$B$722,13,Данные!$C$2:$C$722,1,Данные!$A$2:$A$722,">="&77233351000,Данные!$A$2:$A$722,"<="&77233351999) -> 0 | AZ21: =COUNTIFS(Данные!$B$2:$B$722,13,Данные!$C$2:$C$722,1,Данные!$A$2:$A$722,">="&7722440000,Данные!$A$2:$A$722,"<="&7722440999) -> 0 | BA21: =COUNTIFS(Данные!$B$2:$B$722,13,Данные!$C$2:$C$722,1,Данные!$A$2:$A$722,">="&7722442000,Данные!$A$2:$A$722,"<="&7722445659) -> 0 | BB21: =COUNTIFS(Данные!$B$2:$B$722,13,Данные!$C$2:$C$722,1,Данные!$A$2:$A$722,">="&7722450000,Данные!$A$2:$A$722,"<="&7722450199) -> 0 | BC21: =COUNTIFS(Данные!$B$2:$B$722,13,Данные!$C$2:$C$722,1,Данные!$A$2:$A$722,">="&7722451000,Данные!$A$2:$A$722,"<="&7722451374) -> 0 | BD21: =COUNTIFS(Данные!$B$2:$B$722,13,Данные!$C$2:$C$722,1,Данные!$A$2:$A$722,">="&7722452000,Данные!$A$2:$A$722,"<="&7722452299) -> 0 | BE21: =COUNTIFS(Данные!$B$2:$B$722,13,Данные!$C$2:$C$722,1,Данные!$A$2:$A$722,">="&7722453000,Данные!$A$2:$A$722,"<="&7722453816) -> 0 | BF21: =COUNTIFS(Данные!$B$2:$B$722,13,Данные!$C$2:$C$722,1,Данные!$A$2:$A$722,">="&7722454000,Данные!$A$2:$A$722,"<="&7722454099) -> 0 | BG21: =COUNTIFS(Данные!$B$2:$B$722,13,Данные!$C$2:$C$722,1,Данные!$A$2:$A$722,">="&7722458000,Данные!$A$2:$A$722,"<="&7722458999) -> 0 | BH21: =COUNTIFS(Данные!$B$2:$B$722,13,Данные!$C$2:$C$722,1,Данные!$A$2:$A$722,">="&7722630000,Данные!$A$2:$A$722,"<="&7722638549) -> 0 | BI21: =COUNTIFS(Данные!$B$2:$B$722,13,Данные!$C$2:$C$722,1,Данные!$A$2:$A$722,">="&7722639400,Данные!$A$2:$A$722,"<="&7722639899) -> 0 | BJ21: =COUNTIFS(Данные!$B$2:$B$722,13,Данные!$C$2:$C$722,1,Данные!$A$2:$A$722,">="&7725750000,Данные!$A$2:$A$722,"<="&7725750399) -> 0 | BK21: =COUNTIFS(Данные!$B$2:$B$722,13,Данные!$C$2:$C$722,1,Данные!$A$2:$A$722,">="&7723620000,Данные!$A$2:$A$722,"<="&7723621299) -> 0 | BL21: =COUNTIFS(Данные!$B$2:$B$722,13,Данные!$C$2:$C$722,1,Данные!$A$2:$A$722,">="&7723621600,Данные!$A$2:$A$722,"<="&7723623399) -> 0 | BM21: =COUNTIFS(Данные!$B$2:$B$722,13,Данные!$C$2:$C$722,1,Данные!$A$2:$A$722,">="&7725127000,Данные!$A$2:$A$722,"<="&7725127999) -> 0 | BN21: =COUNTIFS(Данные!$B$2:$B$722,13,Данные!$C$2:$C$722,1,Данные!$A$2:$A$722,">="&7723772000,Данные!$A$2:$A$722,"<="&7723724999) -> 0 | BO21: =COUNTIFS(Данные!$B$2:$B$722,13,Данные!$C$2:$C$722,1,Данные!$A$2:$A$722,">="&7723765000,Данные!$A$2:$A$722,"<="&7723765499) -> 0 | BP21: =COUNTIFS(Данные!$B$2:$B$722,13,Данные!$C$2:$C$722,1,Данные!$A$2:$A$722,">="&7723948000,Данные!$A$2:$A$722,"<="&7723948999) -> 0 | BQ21: =COUNTIFS(Данные!$B$2:$B$722,13,Данные!$C$2:$C$722,1,Данные!$A$2:$A$722,">="&7723950000,Данные!$A$2:$A$722,"<="&7723951099) -> 0 | BR21: =COUNTIFS(Данные!$B$2:$B$722,13,Данные!$C$2:$C$722,1,Данные!$A$2:$A$722,">="&7723020000,Данные!$A$2:$A$722,"<="&7723020999) -> 0 | BS21: =COUNTIFS(Данные!$B$2:$B$722,13,Данные!$C$2:$C$722,1,Данные!$A$2:$A$722,">="&7723029000,Данные!$A$2:$A$722,"<="&7723029999) -> 0 | BT21: =COUNTIFS(Данные!$B$2:$B$722,13,Данные!$C$2:$C$722,1,Данные!$A$2:$A$722,">="&7723055000,Данные!$A$2:$A$722,"<="&7723056549) -> 0 | BU21: =COUNTIFS(Данные!$B$2:$B$722,13,Данные!$C$2:$C$722,1,Данные!$A$2:$A$722,">="&7725250000,Данные!$A$2:$A$722,"<="&7725250499) -> 0 | BV21: =COUNTIFS(Данные!$B$2:$B$722,13,Данные!$C$2:$C$722,1,Данные!$A$2:$A$722,">="&7183841400,Данные!$A$2:$A$722,"<="&7183841499) -> 0 | BW21: 300 | BX21: =F21-BW21 -> -300
C22: 2 | D22: 132 | F22: =COUNTIFS(Данные!$B$2:$B$722,13,Данные!$C$2:$C$722,2) -> 0 | G22: =COUNTIFS(Данные!$B$2:$B$722,13,Данные!$C$2:$C$722,2,Данные!$A$2:$A$722,">="&77232210840,Данные!$A$2:$A$722,"<="&77232216999) -> 0 | H22: =COUNTIFS(Данные!$B$2:$B$722,13,Данные!$C$2:$C$722,2,Данные!$A$2:$A$722,">="&77232510512,Данные!$A$2:$A$722,"<="&77232519487) -> 0 | I22: =COUNTIFS(Данные!$B$2:$B$722,13,Данные!$C$2:$C$722,2,Данные!$A$2:$A$722,">="&77232524160,Данные!$A$2:$A$722,"<="&77232529999) -> 0 | J22: =COUNTIFS(Данные!$B$2:$B$722,13,Данные!$C$2:$C$722,2,Данные!$A$2:$A$722,">="&77232544000,Данные!$A$2:$A$722,"<="&77232544999) -> 0 | K22: =COUNTIFS(Данные!$B$2:$B$722,13,Данные!$C$2:$C$722,2,Данные!$A$2:$A$722,">="&77232295504,Данные!$A$2:$A$722,"<="&77232296999) -> 0 | L22: =COUNTIFS(Данные!$B$2:$B$722,13,Данные!$C$2:$C$722,2,Данные!$A$2:$A$722,">="&77232785000,Данные!$A$2:$A$722,"<="&77232789999) -> 0 | M22: =COUNTIFS(Данные!$B$2:$B$722,13,Данные!$C$2:$C$722,2,Данные!$A$2:$A$722,">="&77233150000,Данные!$A$2:$A$722,"<="&77233155999) -> 0 | N22: =COUNTIFS(Данные!$B$2:$B$722,13,Данные!$C$2:$C$722,2,Данные!$A$2:$A$722,">="&77233235000,Данные!$A$2:$A$722,"<="&77233235999) -> 0 | O22: =COUNTIFS(Данные!$B$2:$B$722,13,Данные!$C$2:$C$722,2,Данные!$A$2:$A$722,">="&77233239000,Данные!$A$2:$A$722,"<="&77233239999) -> 0 | P22: =COUNTIFS(Данные!$B$2:$B$722,13,Данные!$C$2:$C$722,2,Данные!$A$2:$A$722,">="&77233272000,Данные!$A$2:$A$722,"<="&77233272999) -> 0 | Q22: =COUNTIFS(Данные!$B$2:$B$722,13,Данные!$C$2:$C$722,2,Данные!$A$2:$A$722,">="&77233291100,Данные!$A$2:$A$722,"<="&77233292999) -> 0 | R22: =COUNTIFS(Данные!$B$2:$B$722,13,Данные!$C$2:$C$722,2,Данные!$A$2:$A$722,">="&77233297000,Данные!$A$2:$A$722,"<="&77233298399) -> 0 | S22: =COUNTIFS(Данные!$B$2:$B$722,13,Данные!$C$2:$C$722,2,Данные!$A$2:$A$722,">="&77235124000,Данные!$A$2:$A$722,"<="&77235128499) -> 0 | T22: =COUNTIFS(Данные!$B$2:$B$722,13,Данные!$C$2:$C$722,2,Данные!$A$2:$A$722,">="&77235320000,Данные!$A$2:$A$722,"<="&77235320999) -> 0 | U22: =COUNTIFS(Данные!$B$2:$B$722,13,Данные!$C$2:$C$722,2,Данные!$A$2:$A$722,">="&77233620000,Данные!$A$2:$A$722,"<="&77233623339) -> 0 | V22: =COUNTIFS(Данные!$B$2:$B$722,13,Данные!$C$2:$C$722,2,Данные!$A$2:$A$722,">="&77233630000,Данные!$A$2:$A$722,"<="&77233630999) -> 0 | W22: =COUNTIFS(Данные!$B$2:$B$722,13,Данные!$C$2:$C$722,2,Данные!$A$2:$A$722,">="&77233637000,Данные!$A$2:$A$722,"<="&77233637599) -> 0 | X22: =COUNTIFS(Данные!$B$2:$B$722,13,Данные!$C$2:$C$722,2,Данные!$A$2:$A$722,">="&77233550000,Данные!$A$2:$A$722,"<="&77233550999) -> 0 | Y22: =COUNTIFS(Данные!$B$2:$B$722,13,Данные!$C$2:$C$722,2,Данные!$A$2:$A$722,">="&77233554000,Данные!$A$2:$A$722,"<="&77233554999) -> 0 | Z22: =COUNTIFS(Данные!$B$2:$B$722,13,Данные!$C$2:$C$722,2,Данные!$A$2:$A$722,">="&77233555000,Данные!$A$2:$A$722,"<="&77233556999) -> 0 | AA22: =COUNTIFS(Данные!$B$2:$B$722,13,Данные!$C$2:$C$722,2,Данные!$A$2:$A$722,">="&77233726000,Данные!$A$2:$A$722,"<="&77233726999) -> 0 | AB22: =COUNTIFS(Данные!$B$2:$B$722,13,Данные!$C$2:$C$722,2,Данные!$A$2:$A$722,">="&77233820000,Данные!$A$2:$A$722,"<="&77233820999) -> 0 | AC22: =COUNTIFS(Данные!$B$2:$B$722,13,Данные!$C$2:$C$722,2,Данные!$A$2:$A$722,">="&77233850000,Данные!$A$2:$A$722,"<="&77233850999) -> 0 | AD22: =COUNTIFS(Данные!$B$2:$B$722,13,Данные!$C$2:$C$722,2,Данные!$A$2:$A$722,">="&77233420000,Данные!$A$2:$A$722,"<="&77233420999) -> 0 | AE22: =COUNTIFS(Данные!$B$2:$B$722,13,Данные!$C$2:$C$722,2,Данные!$A$2:$A$722,">="&77234740000,Данные!$A$2:$A$722,"<="&77234742999) -> 0 | AF22: =COUNTIFS(Данные!$B$2:$B$722,13,Данные!$C$2:$C$722,2,Данные!$A$2:$A$722,">="&77234767000,Данные!$A$2:$A$722,"<="&77234767999) -> 0 | AG22: =COUNTIFS(Данные!$B$2:$B$722,13,Данные!$C$2:$C$722,2,Данные!$A$2:$A$722,">="&77234120000,Данные!$A$2:$A$722,"<="&77234120999) -> 0 | AH22: =COUNTIFS(Данные!$B$2:$B$722,13,Данные!$C$2:$C$722,2,Данные!$A$2:$A$722,">="&77234127000,Данные!$A$2:$A$722,"<="&77234127999) -> 0 | AI22: =COUNTIFS(Данные!$B$2:$B$722,13,Данные!$C$2:$C$722,2,Данные!$A$2:$A$722,">="&77234220000,Данные!$A$2:$A$722,"<="&77234220999) -> 0 | AJ22: =COUNTIFS(Данные!$B$2:$B$722,13,Данные!$C$2:$C$722,2,Данные!$A$2:$A$722,">="&77234250000,Данные!$A$2:$A$722,"<="&77234250999) -> 0 | AK22: =COUNTIFS(Данные!$B$2:$B$722,13,Данные!$C$2:$C$722,2,Данные!$A$2:$A$722,">="&77233922950,Данные!$A$2:$A$722,"<="&77233924999) -> 0 | AL22: =COUNTIFS(Данные!$B$2:$B$722,13,Данные!$C$2:$C$722,2,Данные!$A$2:$A$722,">="&77234320000,Данные!$A$2:$A$722,"<="&77234320999) -> 0 | AM22: =COUNTIFS(Данные!$B$2:$B$722,13,Данные!$C$2:$C$722,2,Данные!$A$2:$A$722,">="&77234350000,Данные!$A$2:$A$722,"<="&77234350999) -> 0 | AN22: =COUNTIFS(Данные!$B$2:$B$722,13,Данные!$C$2:$C$722,2,Данные!$A$2:$A$722,">="&77234020000,Данные!$A$2:$A$722,"<="&77234020999) -> 0 | AO22: =COUNTIFS(Данные!$B$2:$B$722,13,Данные!$C$2:$C$722,2,Данные!$A$2:$A$722,">="&77234029000,Данные!$A$2:$A$722,"<="&77234029999) -> 0 | AP22: =COUNTIFS(Данные!$B$2:$B$722,13,Данные!$C$2:$C$722,2,Данные!$A$2:$A$722,">="&77234050000,Данные!$A$2:$A$722,"<="&77234050999) -> 0 | AQ22: =COUNTIFS(Данные!$B$2:$B$722,13,Данные!$C$2:$C$722,2,Данные!$A$2:$A$722,">="&77234427000,Данные!$A$2:$A$722,"<="&77234428999) -> 0 | AR22: =COUNTIFS(Данные!$B$2:$B$722,13,Данные!$C$2:$C$722,2,Данные!$A$2:$A$722,">="&77234450000,Данные!$A$2:$A$722,"<="&77234450999) -> 0 | AS22: =COUNTIFS(Данные!$B$2:$B$722,13,Данные!$C$2:$C$722,2,Данные!$A$2:$A$722,">="&77234620000,Данные!$A$2:$A$722,"<="&77234620999) -> 0 | AT22: =COUNTIFS(Данные!$B$2:$B$722,13,Данные!$C$2:$C$722,2,Данные!$A$2:$A$722,">="&77234650000,Данные!$A$2:$A$722,"<="&77234650999) -> 0 | AU22: =COUNTIFS(Данные!$B$2:$B$722,13,Данные!$C$2:$C$722,2,Данные!$A$2:$A$722,">="&77234820000,Данные!$A$2:$A$722,"<="&77234820999) -> 0 | AV22: =COUNTIFS(Данные!$B$2:$B$722,13,Данные!$C$2:$C$722,2,Данные!$A$2:$A$722,">="&77234850000,Данные!$A$2:$A$722,"<="&77234850999) -> 0 | AW22: =COUNTIFS(Данные!$B$2:$B$722,13,Данные!$C$2:$C$722,2,Данные!$A$2:$A$722,">="&77233327000,Данные!$A$2:$A$722,"<="&77233327999) -> 0 | AX22: =COUNTIFS(Данные!$B$2:$B$722,13,Данные!$C$2:$C$722,2,Данные!$A$2:$A$722,">="&77233350000,Данные!$A$2:$A$722,"<="&77233350599) -> 0 | AY22: =COUNTIFS(Данные!$B$2:$B$722,13,Данные!$C$2:$C$722,2,Данные!$A$2:$A$722,">="&77233351000,Данные!$A$2:$A$722,"<="&77233351999) -> 0 | AZ22: =COUNTIFS(Данные!$B$2:$B$722,13,Данные!$C$2:$C$722,2,Данные!$A$2:$A$722,">="&7722440000,Данные!$A$2:$A$722,"<="&7722440999) -> 0 | BA22: =COUNTIFS(Данные!$B$2:$B$722,13,Данные!$C$2:$C$722,2,Данные!$A$2:$A$722,">="&7722442000,Данные!$A$2:$A$722,"<="&7722445659) -> 0 | BB22: =COUNTIFS(Данные!$B$2:$B$722,13,Данные!$C$2:$C$722,2,Данные!$A$2:$A$722,">="&7722450000,Данные!$A$2:$A$722,"<="&7722450199) -> 0 | BC22: =COUNTIFS(Данные!$B$2:$B$722,13,Данные!$C$2:$C$722,2,Данные!$A$2:$A$722,">="&7722451000,Данные!$A$2:$A$722,"<="&7722451374) -> 0 | BD22: =COUNTIFS(Данные!$B$2:$B$722,13,Данные!$C$2:$C$722,2,Данные!$A$2:$A$722,">="&7722452000,Данные!$A$2:$A$722,"<="&7722452299) -> 0 | BE22: =COUNTIFS(Данные!$B$2:$B$722,13,Данные!$C$2:$C$722,2,Данные!$A$2:$A$722,">="&7722453000,Данные!$A$2:$A$722,"<="&7722453816) -> 0 | BF22: =COUNTIFS(Данные!$B$2:$B$722,13,Данные!$C$2:$C$722,2,Данные!$A$2:$A$722,">="&7722454000,Данные!$A$2:$A$722,"<="&7722454099) -> 0 | BG22: =COUNTIFS(Данные!$B$2:$B$722,13,Данные!$C$2:$C$722,2,Данные!$A$2:$A$722,">="&7722458000,Данные!$A$2:$A$722,"<="&7722458999) -> 0 | BH22: =COUNTIFS(Данные!$B$2:$B$722,13,Данные!$C$2:$C$722,2,Данные!$A$2:$A$722,">="&7722630000,Данные!$A$2:$A$722,"<="&7722638549) -> 0 | BI22: =COUNTIFS(Данные!$B$2:$B$722,13,Данные!$C$2:$C$722,2,Данные!$A$2:$A$722,">="&7722639400,Данные!$A$2:$A$722,"<="&7722639899) -> 0 | BJ22: =COUNTIFS(Данные!$B$2:$B$722,13,Данные!$C$2:$C$722,2,Данные!$A$2:$A$722,">="&7725750000,Данные!$A$2:$A$722,"<="&7725750399) -> 0 | BK22: =COUNTIFS(Данные!$B$2:$B$722,13,Данные!$C$2:$C$722,2,Данные!$A$2:$A$722,">="&7723620000,Данные!$A$2:$A$722,"<="&7723621299) -> 0 | BL22: =COUNTIFS(Данные!$B$2:$B$722,13,Данные!$C$2:$C$722,2,Данные!$A$2:$A$722,">="&7723621600,Данные!$A$2:$A$722,"<="&7723623399) -> 0 | BM22: =COUNTIFS(Данные!$B$2:$B$722,13,Данные!$C$2:$C$722,2,Данные!$A$2:$A$722,">="&7725127000,Данные!$A$2:$A$722,"<="&7725127999) -> 0 | BN22: =COUNTIFS(Данные!$B$2:$B$722,13,Данные!$C$2:$C$722,2,Данные!$A$2:$A$722,">="&7723772000,Данные!$A$2:$A$722,"<="&7723724999) -> 0 | BO22: =COUNTIFS(Данные!$B$2:$B$722,13,Данные!$C$2:$C$722,2,Данные!$A$2:$A$722,">="&7723765000,Данные!$A$2:$A$722,"<="&7723765499) -> 0 | BP22: =COUNTIFS(Данные!$B$2:$B$722,13,Данные!$C$2:$C$722,2,Данные!$A$2:$A$722,">="&7723948000,Данные!$A$2:$A$722,"<="&7723948999) -> 0 | BQ22: =COUNTIFS(Данные!$B$2:$B$722,13,Данные!$C$2:$C$722,2,Данные!$A$2:$A$722,">="&7723950000,Данные!$A$2:$A$722,"<="&7723951099) -> 0 | BR22: =COUNTIFS(Данные!$B$2:$B$722,13,Данные!$C$2:$C$722,2,Данные!$A$2:$A$722,">="&7723020000,Данные!$A$2:$A$722,"<="&7723020999) -> 0 | BS22: =COUNTIFS(Данные!$B$2:$B$722,13,Данные!$C$2:$C$722,2,Данные!$A$2:$A$722,">="&7723029000,Данные!$A$2:$A$722,"<="&7723029999) -> 0 | BT22: =COUNTIFS(Данные!$B$2:$B$722,13,Данные!$C$2:$C$722,2,Данные!$A$2:$A$722,">="&7723055000,Данные!$A$2:$A$722,"<="&7723056549) -> 0 | BU22: =COUNTIFS(Данные!$B$2:$B$722,13,Данные!$C$2:$C$722,2,Данные!$A$2:$A$722,">="&7725250000,Данные!$A$2:$A$722,"<="&7725250499) -> 0 | BV22: =COUNTIFS(Данные!$B$2:$B$722,13,Данные!$C$2:$C$722,2,Данные!$A$2:$A$722,">="&7183841400,Данные!$A$2:$A$722,"<="&7183841499) -> 0 | BW22: 300 | BX22: =F22-BW22 -> -300
A23: 14 | B23: Тишинка | C23: 0 | D23: 140 | E23: =SUM(F23:F25) -> 0 | F23: =COUNTIFS(Данные!$B$2:$B$722,14,Данные!$C$2:$C$722,0) -> 0 | G23: =COUNTIFS(Данные!$B$2:$B$722,14,Данные!$C$2:$C$722,0,Данные!$A$2:$A$722,">="&77232210840,Данные!$A$2:$A$722,"<="&77232216999) -> 0 | H23: =COUNTIFS(Данные!$B$2:$B$722,14,Данные!$C$2:$C$722,0,Данные!$A$2:$A$722,">="&77232510512,Данные!$A$2:$A$722,"<="&77232519487) -> 0 | I23: =COUNTIFS(Данные!$B$2:$B$722,14,Данные!$C$2:$C$722,0,Данные!$A$2:$A$722,">="&77232524160,Данные!$A$2:$A$722,"<="&77232529999) -> 0 | J23: =COUNTIFS(Данные!$B$2:$B$722,14,Данные!$C$2:$C$722,0,Данные!$A$2:$A$722,">="&77232544000,Данные!$A$2:$A$722,"<="&77232544999) -> 0 | K23: =COUNTIFS(Данные!$B$2:$B$722,14,Данные!$C$2:$C$722,0,Данные!$A$2:$A$722,">="&77232295504,Данные!$A$2:$A$722,"<="&77232296999) -> 0 | L23: =COUNTIFS(Данные!$B$2:$B$722,14,Данные!$C$2:$C$722,0,Данные!$A$2:$A$722,">="&77232785000,Данные!$A$2:$A$722,"<="&77232789999) -> 0 | M23: =COUNTIFS(Данные!$B$2:$B$722,14,Данные!$C$2:$C$722,0,Данные!$A$2:$A$722,">="&77233150000,Данные!$A$2:$A$722,"<="&77233155999) -> 0 | N23: =COUNTIFS(Данные!$B$2:$B$722,14,Данные!$C$2:$C$722,0,Данные!$A$2:$A$722,">="&77233235000,Данные!$A$2:$A$722,"<="&77233235999) -> 0 | O23: =COUNTIFS(Данные!$B$2:$B$722,14,Данные!$C$2:$C$722,0,Данные!$A$2:$A$722,">="&77233239000,Данные!$A$2:$A$722,"<="&77233239999) -> 0 | P23: =COUNTIFS(Данные!$B$2:$B$722,14,Данные!$C$2:$C$722,0,Данные!$A$2:$A$722,">="&77233272000,Данные!$A$2:$A$722,"<="&77233272999) -> 0 | Q23: =COUNTIFS(Данные!$B$2:$B$722,14,Данные!$C$2:$C$722,0,Данные!$A$2:$A$722,">="&77233291100,Данные!$A$2:$A$722,"<="&77233292999) -> 0 | R23: =COUNTIFS(Данные!$B$2:$B$722,14,Данные!$C$2:$C$722,0,Данные!$A$2:$A$722,">="&77233297000,Данные!$A$2:$A$722,"<="&77233298399) -> 0 | S23: =COUNTIFS(Данные!$B$2:$B$722,14,Данные!$C$2:$C$722,0,Данные!$A$2:$A$722,">="&77235124000,Данные!$A$2:$A$722,"<="&77235128499) -> 0 | T23: =COUNTIFS(Данные!$B$2:$B$722,14,Данные!$C$2:$C$722,0,Данные!$A$2:$A$722,">="&77235320000,Данные!$A$2:$A$722,"<="&77235320999) -> 0 | U23: =COUNTIFS(Данные!$B$2:$B$722,14,Данные!$C$2:$C$722,0,Данные!$A$2:$A$722,">="&77233620000,Данные!$A$2:$A$722,"<="&77233623339) -> 0 | V23: =COUNTIFS(Данные!$B$2:$B$722,14,Данные!$C$2:$C$722,0,Данные!$A$2:$A$722,">="&77233630000,Данные!$A$2:$A$722,"<="&77233630999) -> 0 | W23: =COUNTIFS(Данные!$B$2:$B$722,14,Данные!$C$2:$C$722,0,Данные!$A$2:$A$722,">="&77233637000,Данные!$A$2:$A$722,"<="&77233637599) -> 0 | X23: =COUNTIFS(Данные!$B$2:$B$722,14,Данные!$C$2:$C$722,0,Данные!$A$2:$A$722,">="&77233550000,Данные!$A$2:$A$722,"<="&77233550999) -> 0 | Y23: =COUNTIFS(Данные!$B$2:$B$722,14,Данные!$C$2:$C$722,0,Данные!$A$2:$A$722,">="&77233554000,Данные!$A$2:$A$722,"<="&77233554999) -> 0 | Z23: =COUNTIFS(Данные!$B$2:$B$722,14,Данные!$C$2:$C$722,0,Данные!$A$2:$A$722,">="&77233555000,Данные!$A$2:$A$722,"<="&77233556999) -> 0 | AA23: =COUNTIFS(Данные!$B$2:$B$722,14,Данные!$C$2:$C$722,0,Данные!$A$2:$A$722,">="&77233726000,Данные!$A$2:$A$722,"<="&77233726999) -> 0 | AB23: =COUNTIFS(Данные!$B$2:$B$722,14,Данные!$C$2:$C$722,0,Данные!$A$2:$A$722,">="&77233820000,Данные!$A$2:$A$722,"<="&77233820999) -> 0 | AC23: =COUNTIFS(Данные!$B$2:$B$722,14,Данные!$C$2:$C$722,0,Данные!$A$2:$A$722,">="&77233850000,Данные!$A$2:$A$722,"<="&77233850999) -> 0 | AD23: =COUNTIFS(Данные!$B$2:$B$722,14,Данные!$C$2:$C$722,0,Данные!$A$2:$A$722,">="&77233420000,Данные!$A$2:$A$722,"<="&77233420999) -> 0 | AE23: =COUNTIFS(Данные!$B$2:$B$722,14,Данные!$C$2:$C$722,0,Данные!$A$2:$A$722,">="&77234740000,Данные!$A$2:$A$722,"<="&77234742999) -> 0 | AF23: =COUNTIFS(Данные!$B$2:$B$722,14,Данные!$C$2:$C$722,0,Данные!$A$2:$A$722,">="&77234767000,Данные!$A$2:$A$722,"<="&77234767999) -> 0 | AG23: =COUNTIFS(Данные!$B$2:$B$722,14,Данные!$C$2:$C$722,0,Данные!$A$2:$A$722,">="&77234120000,Данные!$A$2:$A$722,"<="&77234120999) -> 0 | AH23: =COUNTIFS(Данные!$B$2:$B$722,14,Данные!$C$2:$C$722,0,Данные!$A$2:$A$722,">="&77234127000,Данные!$A$2:$A$722,"<="&77234127999) -> 0 | AI23: =COUNTIFS(Данные!$B$2:$B$722,14,Данные!$C$2:$C$722,0,Данные!$A$2:$A$722,">="&77234220000,Данные!$A$2:$A$722,"<="&77234220999) -> 0 | AJ23: =COUNTIFS(Данные!$B$2:$B$722,14,Данные!$C$2:$C$722,0,Данные!$A$2:$A$722,">="&77234250000,Данные!$A$2:$A$722,"<="&77234250999) -> 0 | AK23: =COUNTIFS(Данные!$B$2:$B$722,14,Данные!$C$2:$C$722,0,Данные!$A$2:$A$722,">="&77233922950,Данные!$A$2:$A$722,"<="&77233924999) -> 0 | AL23: =COUNTIFS(Данные!$B$2:$B$722,14,Данные!$C$2:$C$722,0,Данные!$A$2:$A$722,">="&77234320000,Данные!$A$2:$A$722,"<="&77234320999) -> 0 | AM23: =COUNTIFS(Данные!$B$2:$B$722,14,Данные!$C$2:$C$722,0,Данные!$A$2:$A$722,">="&77234350000,Данные!$A$2:$A$722,"<="&77234350999) -> 0 | AN23: =COUNTIFS(Данные!$B$2:$B$722,14,Данные!$C$2:$C$722,0,Данные!$A$2:$A$722,">="&77234020000,Данные!$A$2:$A$722,"<="&77234020999) -> 0 | AO23: =COUNTIFS(Данные!$B$2:$B$722,14,Данные!$C$2:$C$722,0,Данные!$A$2:$A$722,">="&77234029000,Данные!$A$2:$A$722,"<="&77234029999) -> 0 | AP23: =COUNTIFS(Данные!$B$2:$B$722,14,Данные!$C$2:$C$722,0,Данные!$A$2:$A$722,">="&77234050000,Данные!$A$2:$A$722,"<="&77234050999) -> 0 | AQ23: =COUNTIFS(Данные!$B$2:$B$722,14,Данные!$C$2:$C$722,0,Данные!$A$2:$A$722,">="&77234427000,Данные!$A$2:$A$722,"<="&77234428999) -> 0 | AR23: =COUNTIFS(Данные!$B$2:$B$722,14,Данные!$C$2:$C$722,0,Данные!$A$2:$A$722,">="&77234450000,Данные!$A$2:$A$722,"<="&77234450999) -> 0 | AS23: =COUNTIFS(Данные!$B$2:$B$722,14,Данные!$C$2:$C$722,0,Данные!$A$2:$A$722,">="&77234620000,Данные!$A$2:$A$722,"<="&77234620999) -> 0 | AT23: =COUNTIFS(Данные!$B$2:$B$722,14,Данные!$C$2:$C$722,0,Данные!$A$2:$A$722,">="&77234650000,Данные!$A$2:$A$722,"<="&77234650999) -> 0 | AU23: =COUNTIFS(Данные!$B$2:$B$722,14,Данные!$C$2:$C$722,0,Данные!$A$2:$A$722,">="&77234820000,Данные!$A$2:$A$722,"<="&77234820999) -> 0 | AV23: =COUNTIFS(Данные!$B$2:$B$722,14,Данные!$C$2:$C$722,0,Данные!$A$2:$A$722,">="&77234850000,Данные!$A$2:$A$722,"<="&77234850999) -> 0 | AW23: =COUNTIFS(Данные!$B$2:$B$722,14,Данные!$C$2:$C$722,0,Данные!$A$2:$A$722,">="&77233327000,Данные!$A$2:$A$722,"<="&77233327999) -> 0 | AX23: =COUNTIFS(Данные!$B$2:$B$722,14,Данные!$C$2:$C$722,0,Данные!$A$2:$A$722,">="&77233350000,Данные!$A$2:$A$722,"<="&77233350599) -> 0 | AY23: =COUNTIFS(Данные!$B$2:$B$722,14,Данные!$C$2:$C$722,0,Данные!$A$2:$A$722,">="&77233351000,Данные!$A$2:$A$722,"<="&77233351999) -> 0 | AZ23: =COUNTIFS(Данные!$B$2:$B$722,14,Данные!$C$2:$C$722,0,Данные!$A$2:$A$722,">="&7722440000,Данные!$A$2:$A$722,"<="&7722440999) -> 0 | BA23: =COUNTIFS(Данные!$B$2:$B$722,14,Данные!$C$2:$C$722,0,Данные!$A$2:$A$722,">="&7722442000,Данные!$A$2:$A$722,"<="&7722445659) -> 0 | BB23: =COUNTIFS(Данные!$B$2:$B$722,14,Данные!$C$2:$C$722,0,Данные!$A$2:$A$722,">="&7722450000,Данные!$A$2:$A$722,"<="&7722450199) -> 0 | BC23: =COUNTIFS(Данные!$B$2:$B$722,14,Данные!$C$2:$C$722,0,Данные!$A$2:$A$722,">="&7722451000,Данные!$A$2:$A$722,"<="&7722451374) -> 0 | BD23: =COUNTIFS(Данные!$B$2:$B$722,14,Данные!$C$2:$C$722,0,Данные!$A$2:$A$722,">="&7722452000,Данные!$A$2:$A$722,"<="&7722452299) -> 0 | BE23: =COUNTIFS(Данные!$B$2:$B$722,14,Данные!$C$2:$C$722,0,Данные!$A$2:$A$722,">="&7722453000,Данные!$A$2:$A$722,"<="&7722453816) -> 0 | BF23: =COUNTIFS(Данные!$B$2:$B$722,14,Данные!$C$2:$C$722,0,Данные!$A$2:$A$722,">="&7722454000,Данные!$A$2:$A$722,"<="&7722454099) -> 0 | BG23: =COUNTIFS(Данные!$B$2:$B$722,14,Данные!$C$2:$C$722,0,Данные!$A$2:$A$722,">="&7722458000,Данные!$A$2:$A$722,"<="&7722458999) -> 0 | BH23: =COUNTIFS(Данные!$B$2:$B$722,14,Данные!$C$2:$C$722,0,Данные!$A$2:$A$722,">="&7722630000,Данные!$A$2:$A$722,"<="&7722638549) -> 0 | BI23: =COUNTIFS(Данные!$B$2:$B$722,14,Данные!$C$2:$C$722,0,Данные!$A$2:$A$722,">="&7722639400,Данные!$A$2:$A$722,"<="&7722639899) -> 0 | BJ23: =COUNTIFS(Данные!$B$2:$B$722,14,Данные!$C$2:$C$722,0,Данные!$A$2:$A$722,">="&7725750000,Данные!$A$2:$A$722,"<="&7725750399) -> 0 | BK23: =COUNTIFS(Данные!$B$2:$B$722,14,Данные!$C$2:$C$722,0,Данные!$A$2:$A$722,">="&7723620000,Данные!$A$2:$A$722,"<="&7723621299) -> 0 | BL23: =COUNTIFS(Данные!$B$2:$B$722,14,Данные!$C$2:$C$722,0,Данные!$A$2:$A$722,">="&7723621600,Данные!$A$2:$A$722,"<="&7723623399) -> 0 | BM23: =COUNTIFS(Данные!$B$2:$B$722,14,Данные!$C$2:$C$722,0,Данные!$A$2:$A$722,">="&7725127000,Данные!$A$2:$A$722,"<="&7725127999) -> 0 | BN23: =COUNTIFS(Данные!$B$2:$B$722,14,Данные!$C$2:$C$722,0,Данные!$A$2:$A$722,">="&7723772000,Данные!$A$2:$A$722,"<="&7723724999) -> 0 | BO23: =COUNTIFS(Данные!$B$2:$B$722,14,Данные!$C$2:$C$722,0,Данные!$A$2:$A$722,">="&7723765000,Данные!$A$2:$A$722,"<="&7723765499) -> 0 | BP23: =COUNTIFS(Данные!$B$2:$B$722,14,Данные!$C$2:$C$722,0,Данные!$A$2:$A$722,">="&7723948000,Данные!$A$2:$A$722,"<="&7723948999) -> 0 | BQ23: =COUNTIFS(Данные!$B$2:$B$722,14,Данные!$C$2:$C$722,0,Данные!$A$2:$A$722,">="&7723950000,Данные!$A$2:$A$722,"<="&7723951099) -> 0 | BR23: =COUNTIFS(Данные!$B$2:$B$722,14,Данные!$C$2:$C$722,0,Данные!$A$2:$A$722,">="&7723020000,Данные!$A$2:$A$722,"<="&7723020999) -> 0 | BS23: =COUNTIFS(Данные!$B$2:$B$722,14,Данные!$C$2:$C$722,0,Данные!$A$2:$A$722,">="&7723029000,Данные!$A$2:$A$722,"<="&7723029999) -> 0 | BT23: =COUNTIFS(Данные!$B$2:$B$722,14,Данные!$C$2:$C$722,0,Данные!$A$2:$A$722,">="&7723055000,Данные!$A$2:$A$722,"<="&7723056549) -> 0 | BU23: =COUNTIFS(Данные!$B$2:$B$722,14,Данные!$C$2:$C$722,0,Данные!$A$2:$A$722,">="&7725250000,Данные!$A$2:$A$722,"<="&7725250499) -> 0 | BV23: =COUNTIFS(Данные!$B$2:$B$722,14,Данные!$C$2:$C$722,0,Данные!$A$2:$A$722,">="&7183841400,Данные!$A$2:$A$722,"<="&7183841499) -> 0 | BW23: 300 | BX23: =F23-BW23 -> -300
C24: 1 | D24: 141 | F24: =COUNTIFS(Данные!$B$2:$B$722,14,Данные!$C$2:$C$722,1) -> 0 | G24: =COUNTIFS(Данные!$B$2:$B$722,14,Данные!$C$2:$C$722,1,Данные!$A$2:$A$722,">="&77232210840,Данные!$A$2:$A$722,"<="&77232216999) -> 0 | H24: =COUNTIFS(Данные!$B$2:$B$722,14,Данные!$C$2:$C$722,1,Данные!$A$2:$A$722,">="&77232510512,Данные!$A$2:$A$722,"<="&77232519487) -> 0 | I24: =COUNTIFS(Данные!$B$2:$B$722,14,Данные!$C$2:$C$722,1,Данные!$A$2:$A$722,">="&77232524160,Данные!$A$2:$A$722,"<="&77232529999) -> 0 | J24: =COUNTIFS(Данные!$B$2:$B$722,14,Данные!$C$2:$C$722,1,Данные!$A$2:$A$722,">="&77232544000,Данные!$A$2:$A$722,"<="&77232544999) -> 0 | K24: =COUNTIFS(Данные!$B$2:$B$722,14,Данные!$C$2:$C$722,1,Данные!$A$2:$A$722,">="&77232295504,Данные!$A$2:$A$722,"<="&77232296999) -> 0 | L24: =COUNTIFS(Данные!$B$2:$B$722,14,Данные!$C$2:$C$722,1,Данные!$A$2:$A$722,">="&77232785000,Данные!$A$2:$A$722,"<="&77232789999) -> 0 | M24: =COUNTIFS(Данные!$B$2:$B$722,14,Данные!$C$2:$C$722,1,Данные!$A$2:$A$722,">="&77233150000,Данные!$A$2:$A$722,"<="&77233155999) -> 0 | N24: =COUNTIFS(Данные!$B$2:$B$722,14,Данные!$C$2:$C$722,1,Данные!$A$2:$A$722,">="&77233235000,Данные!$A$2:$A$722,"<="&77233235999) -> 0 | O24: =COUNTIFS(Данные!$B$2:$B$722,14,Данные!$C$2:$C$722,1,Данные!$A$2:$A$722,">="&77233239000,Данные!$A$2:$A$722,"<="&77233239999) -> 0 | P24: =COUNTIFS(Данные!$B$2:$B$722,14,Данные!$C$2:$C$722,1,Данные!$A$2:$A$722,">="&77233272000,Данные!$A$2:$A$722,"<="&77233272999) -> 0 | Q24: =COUNTIFS(Данные!$B$2:$B$722,14,Данные!$C$2:$C$722,1,Данные!$A$2:$A$722,">="&77233291100,Данные!$A$2:$A$722,"<="&77233292999) -> 0 | R24: =COUNTIFS(Данные!$B$2:$B$722,14,Данные!$C$2:$C$722,1,Данные!$A$2:$A$722,">="&77233297000,Данные!$A$2:$A$722,"<="&77233298399) -> 0 | S24: =COUNTIFS(Данные!$B$2:$B$722,14,Данные!$C$2:$C$722,1,Данные!$A$2:$A$722,">="&77235124000,Данные!$A$2:$A$722,"<="&77235128499) -> 0 | T24: =COUNTIFS(Данные!$B$2:$B$722,14,Данные!$C$2:$C$722,1,Данные!$A$2:$A$722,">="&77235320000,Данные!$A$2:$A$722,"<="&77235320999) -> 0 | U24: =COUNTIFS(Данные!$B$2:$B$722,14,Данные!$C$2:$C$722,1,Данные!$A$2:$A$722,">="&77233620000,Данные!$A$2:$A$722,"<="&77233623339) -> 0 | V24: =COUNTIFS(Данные!$B$2:$B$722,14,Данные!$C$2:$C$722,1,Данные!$A$2:$A$722,">="&77233630000,Данные!$A$2:$A$722,"<="&77233630999) -> 0 | W24: =COUNTIFS(Данные!$B$2:$B$722,14,Данные!$C$2:$C$722,1,Данные!$A$2:$A$722,">="&77233637000,Данные!$A$2:$A$722,"<="&77233637599) -> 0 | X24: =COUNTIFS(Данные!$B$2:$B$722,14,Данные!$C$2:$C$722,1,Данные!$A$2:$A$722,">="&77233550000,Данные!$A$2:$A$722,"<="&77233550999) -> 0 | Y24: =COUNTIFS(Данные!$B$2:$B$722,14,Данные!$C$2:$C$722,1,Данные!$A$2:$A$722,">="&77233554000,Данные!$A$2:$A$722,"<="&77233554999) -> 0 | Z24: =COUNTIFS(Данные!$B$2:$B$722,14,Данные!$C$2:$C$722,1,Данные!$A$2:$A$722,">="&77233555000,Данные!$A$2:$A$722,"<="&77233556999) -> 0 | AA24: =COUNTIFS(Данные!$B$2:$B$722,14,Данные!$C$2:$C$722,1,Данные!$A$2:$A$722,">="&77233726000,Данные!$A$2:$A$722,"<="&77233726999) -> 0 | AB24: =COUNTIFS(Данные!$B$2:$B$722,14,Данные!$C$2:$C$722,1,Данные!$A$2:$A$722,">="&77233820000,Данные!$A$2:$A$722,"<="&77233820999) -> 0 | AC24: =COUNTIFS(Данные!$B$2:$B$722,14,Данные!$C$2:$C$722,1,Данные!$A$2:$A$722,">="&77233850000,Данные!$A$2:$A$722,"<="&77233850999) -> 0 | AD24: =COUNTIFS(Данные!$B$2:$B$722,14,Данные!$C$2:$C$722,1,Данные!$A$2:$A$722,">="&77233420000,Данные!$A$2:$A$722,"<="&77233420999) -> 0 | AE24: =COUNTIFS(Данные!$B$2:$B$722,14,Данные!$C$2:$C$722,1,Данные!$A$2:$A$722,">="&77234740000,Данные!$A$2:$A$722,"<="&77234742999) -> 0 | AF24: =COUNTIFS(Данные!$B$2:$B$722,14,Данные!$C$2:$C$722,1,Данные!$A$2:$A$722,">="&77234767000,Данные!$A$2:$A$722,"<="&77234767999) -> 0 | AG24: =COUNTIFS(Данные!$B$2:$B$722,14,Данные!$C$2:$C$722,1,Данные!$A$2:$A$722,">="&77234120000,Данные!$A$2:$A$722,"<="&77234120999) -> 0 | AH24: =COUNTIFS(Данные!$B$2:$B$722,14,Данные!$C$2:$C$722,1,Данные!$A$2:$A$722,">="&77234127000,Данные!$A$2:$A$722,"<="&77234127999) -> 0 | AI24: =COUNTIFS(Данные!$B$2:$B$722,14,Данные!$C$2:$C$722,1,Данные!$A$2:$A$722,">="&77234220000,Данные!$A$2:$A$722,"<="&77234220999) -> 0 | AJ24: =COUNTIFS(Данные!$B$2:$B$722,14,Данные!$C$2:$C$722,1,Данные!$A$2:$A$722,">="&77234250000,Данные!$A$2:$A$722,"<="&77234250999) -> 0 | AK24: =COUNTIFS(Данные!$B$2:$B$722,14,Данные!$C$2:$C$722,1,Данные!$A$2:$A$722,">="&77233922950,Данные!$A$2:$A$722,"<="&77233924999) -> 0 | AL24: =COUNTIFS(Данные!$B$2:$B$722,14,Данные!$C$2:$C$722,1,Данные!$A$2:$A$722,">="&77234320000,Данные!$A$2:$A$722,"<="&77234320999) -> 0 | AM24: =COUNTIFS(Данные!$B$2:$B$722,14,Данные!$C$2:$C$722,1,Данные!$A$2:$A$722,">="&77234350000,Данные!$A$2:$A$722,"<="&77234350999) -> 0 | AN24: =COUNTIFS(Данные!$B$2:$B$722,14,Данные!$C$2:$C$722,1,Данные!$A$2:$A$722,">="&77234020000,Данные!$A$2:$A$722,"<="&77234020999) -> 0 | AO24: =COUNTIFS(Данные!$B$2:$B$722,14,Данные!$C$2:$C$722,1,Данные!$A$2:$A$722,">="&77234029000,Данные!$A$2:$A$722,"<="&77234029999) -> 0 | AP24: =COUNTIFS(Данные!$B$2:$B$722,14,Данные!$C$2:$C$722,1,Данные!$A$2:$A$722,">="&77234050000,Данные!$A$2:$A$722,"<="&77234050999) -> 0 | AQ24: =COUNTIFS(Данные!$B$2:$B$722,14,Данные!$C$2:$C$722,1,Данные!$A$2:$A$722,">="&77234427000,Данные!$A$2:$A$722,"<="&77234428999) -> 0 | AR24: =COUNTIFS(Данные!$B$2:$B$722,14,Данные!$C$2:$C$722,1,Данные!$A$2:$A$722,">="&77234450000,Данные!$A$2:$A$722,"<="&77234450999) -> 0 | AS24: =COUNTIFS(Данные!$B$2:$B$722,14,Данные!$C$2:$C$722,1,Данные!$A$2:$A$722,">="&77234620000,Данные!$A$2:$A$722,"<="&77234620999) -> 0 | AT24: =COUNTIFS(Данные!$B$2:$B$722,14,Данные!$C$2:$C$722,1,Данные!$A$2:$A$722,">="&77234650000,Данные!$A$2:$A$722,"<="&77234650999) -> 0 | AU24: =COUNTIFS(Данные!$B$2:$B$722,14,Данные!$C$2:$C$722,1,Данные!$A$2:$A$722,">="&77234820000,Данные!$A$2:$A$722,"<="&77234820999) -> 0 | AV24: =COUNTIFS(Данные!$B$2:$B$722,14,Данные!$C$2:$C$722,1,Данные!$A$2:$A$722,">="&77234850000,Данные!$A$2:$A$722,"<="&77234850999) -> 0 | AW24: =COUNTIFS(Данные!$B$2:$B$722,14,Данные!$C$2:$C$722,1,Данные!$A$2:$A$722,">="&77233327000,Данные!$A$2:$A$722,"<="&77233327999) -> 0 | AX24: =COUNTIFS(Данные!$B$2:$B$722,14,Данные!$C$2:$C$722,1,Данные!$A$2:$A$722,">="&77233350000,Данные!$A$2:$A$722,"<="&77233350599) -> 0 | AY24: =COUNTIFS(Данные!$B$2:$B$722,14,Данные!$C$2:$C$722,1,Данные!$A$2:$A$722,">="&77233351000,Данные!$A$2:$A$722,"<="&77233351999) -> 0 | AZ24: =COUNTIFS(Данные!$B$2:$B$722,14,Данные!$C$2:$C$722,1,Данные!$A$2:$A$722,">="&7722440000,Данные!$A$2:$A$722,"<="&7722440999) -> 0 | BA24: =COUNTIFS(Данные!$B$2:$B$722,14,Данные!$C$2:$C$722,1,Данные!$A$2:$A$722,">="&7722442000,Данные!$A$2:$A$722,"<="&7722445659) -> 0 | BB24: =COUNTIFS(Данные!$B$2:$B$722,14,Данные!$C$2:$C$722,1,Данные!$A$2:$A$722,">="&7722450000,Данные!$A$2:$A$722,"<="&7722450199) -> 0 | BC24: =COUNTIFS(Данные!$B$2:$B$722,14,Данные!$C$2:$C$722,1,Данные!$A$2:$A$722,">="&7722451000,Данные!$A$2:$A$722,"<="&7722451374) -> 0 | BD24: =COUNTIFS(Данные!$B$2:$B$722,14,Данные!$C$2:$C$722,1,Данные!$A$2:$A$722,">="&7722452000,Данные!$A$2:$A$722,"<="&7722452299) -> 0 | BE24: =COUNTIFS(Данные!$B$2:$B$722,14,Данные!$C$2:$C$722,1,Данные!$A$2:$A$722,">="&7722453000,Данные!$A$2:$A$722,"<="&7722453816) -> 0 | BF24: =COUNTIFS(Данные!$B$2:$B$722,14,Данные!$C$2:$C$722,1,Данные!$A$2:$A$722,">="&7722454000,Данные!$A$2:$A$722,"<="&7722454099) -> 0 | BG24: =COUNTIFS(Данные!$B$2:$B$722,14,Данные!$C$2:$C$722,1,Данные!$A$2:$A$722,">="&7722458000,Данные!$A$2:$A$722,"<="&7722458999) -> 0 | BH24: =COUNTIFS(Данные!$B$2:$B$722,14,Данные!$C$2:$C$722,1,Данные!$A$2:$A$722,">="&7722630000,Данные!$A$2:$A$722,"<="&7722638549) -> 0 | BI24: =COUNTIFS(Данные!$B$2:$B$722,14,Данные!$C$2:$C$722,1,Данные!$A$2:$A$722,">="&7722639400,Данные!$A$2:$A$722,"<="&7722639899) -> 0 | BJ24: =COUNTIFS(Данные!$B$2:$B$722,14,Данные!$C$2:$C$722,1,Данные!$A$2:$A$722,">="&7725750000,Данные!$A$2:$A$722,"<="&7725750399) -> 0 | BK24: =COUNTIFS(Данные!$B$2:$B$722,14,Данные!$C$2:$C$722,1,Данные!$A$2:$A$722,">="&7723620000,Данные!$A$2:$A$722,"<="&7723621299) -> 0 | BL24: =COUNTIFS(Данные!$B$2:$B$722,14,Данные!$C$2:$C$722,1,Данные!$A$2:$A$722,">="&7723621600,Данные!$A$2:$A$722,"<="&7723623399) -> 0 | BM24: =COUNTIFS(Данные!$B$2:$B$722,14,Данные!$C$2:$C$722,1,Данные!$A$2:$A$722,">="&7725127000,Данные!$A$2:$A$722,"<="&7725127999) -> 0 | BN24: =COUNTIFS(Данные!$B$2:$B$722,14,Данные!$C$2:$C$722,1,Данные!$A$2:$A$722,">="&7723772000,Данные!$A$2:$A$722,"<="&7723724999) -> 0 | BO24: =COUNTIFS(Данные!$B$2:$B$722,14,Данные!$C$2:$C$722,1,Данные!$A$2:$A$722,">="&7723765000,Данные!$A$2:$A$722,"<="&7723765499) -> 0 | BP24: =COUNTIFS(Данные!$B$2:$B$722,14,Данные!$C$2:$C$722,1,Данные!$A$2:$A$722,">="&7723948000,Данные!$A$2:$A$722,"<="&7723948999) -> 0 | BQ24: =COUNTIFS(Данные!$B$2:$B$722,14,Данные!$C$2:$C$722,1,Данные!$A$2:$A$722,">="&7723950000,Данные!$A$2:$A$722,"<="&7723951099) -> 0 | BR24: =COUNTIFS(Данные!$B$2:$B$722,14,Данные!$C$2:$C$722,1,Данные!$A$2:$A$722,">="&7723020000,Данные!$A$2:$A$722,"<="&7723020999) -> 0 | BS24: =COUNTIFS(Данные!$B$2:$B$722,14,Данные!$C$2:$C$722,1,Данные!$A$2:$A$722,">="&7723029000,Данные!$A$2:$A$722,"<="&7723029999) -> 0 | BT24: =COUNTIFS(Данные!$B$2:$B$722,14,Данные!$C$2:$C$722,1,Данные!$A$2:$A$722,">="&7723055000,Данные!$A$2:$A$722,"<="&7723056549) -> 0 | BU24: =COUNTIFS(Данные!$B$2:$B$722,14,Данные!$C$2:$C$722,1,Данные!$A$2:$A$722,">="&7725250000,Данные!$A$2:$A$722,"<="&7725250499) -> 0 | BV24: =COUNTIFS(Данные!$B$2:$B$722,14,Данные!$C$2:$C$722,1,Данные!$A$2:$A$722,">="&7183841400,Данные!$A$2:$A$722,"<="&7183841499) -> 0 | BW24: 300 | BX24: =F24-BW24 -> -300
